Age,Gender,Fatigue,Pale/yellow skin,Shortness of breath,weakness,Headaches,Brittle nails,Mood changes,Diarrhea,Difficulty walking,Cold hands/feet,Weight loss,Dizziness,Chest pain," Cravings for ice, Leg cramps, Restless legs",class,Disease,Suggestion
40,Male,No,Yes,No,Yes,No,No,No,Yes,No,Yes,No,Yes,Yes,Yes,Positive,Iron-deficiency,"Eat iron-rich food (leafy greens, meat), take iron supplements, avoid tea/coffee with meals, consult a hematologist."
58,Male,No,No,No,Yes,No,No,Yes,No,No,No,Yes,No,Yes,No,Positive,Pernicious Anemia,"Take B12 injections or supplements, eat B12-rich foods, regular follow-ups with a doctor."
41,Male,Yes,No,No,Yes,Yes,No,No,Yes,No,Yes,No,Yes,Yes,No,Positive,Iron-deficiency,"Eat iron-rich food (leafy greens, meat), take iron supplements, avoid tea/coffee with meals, consult a hematologist."
45,Male,No,No,Yes,Yes,Yes,Yes,No,Yes,No,Yes,No,No,No,No,Positive,Pernicious Anemia,"Take B12 injections or supplements, eat B12-rich foods, regular follow-ups with a doctor."
60,Male,Yes,Yes,Yes,Yes,Yes,No,Yes,Yes,Yes,Yes,Yes,Yes,Yes,Yes,Positive,Iron-deficiency,"Eat iron-rich food (leafy greens, meat), take iron supplements, avoid tea/coffee with meals, consult a hematologist."
55,Male,Yes,Yes,No,Yes,Yes,No,Yes,Yes,No,Yes,No,Yes,Yes,Yes,Positive,Pernicious Anemia,"Take B12 injections or supplements, eat B12-rich foods, regular follow-ups with a doctor."
57,Male,Yes,Yes,No,Yes,Yes,Yes,No,No,No,Yes,Yes,No,No,No,Positive,Iron-deficiency,"Eat iron-rich food (leafy greens, meat), take iron supplements, avoid tea/coffee with meals, consult a hematologist."
66,Male,Yes,Yes,Yes,Yes,No,No,Yes,Yes,Yes,No,Yes,Yes,No,No,Positive,Pernicious Anemia,"Take B12 injections or supplements, eat B12-rich foods, regular follow-ups with a doctor."
67,Male,Yes,Yes,No,Yes,Yes,Yes,No,Yes,Yes,No,Yes,Yes,No,Yes,Positive,Iron-deficiency,"Eat iron-rich food (leafy greens, meat), take iron supplements, avoid tea/coffee with meals, consult a hematologist."
70,Male,No,Yes,Yes,Yes,Yes,No,Yes,Yes,Yes,No,No,No,Yes,No,Positive,Pernicious Anemia,"Take B12 injections or supplements, eat B12-rich foods, regular follow-ups with a doctor."
44,Male,Yes,Yes,No,Yes,No,Yes,No,No,Yes,Yes,No,Yes,Yes,No,Positive,Iron-deficiency,"Eat iron-rich food (leafy greens, meat), take iron supplements, avoid tea/coffee with meals, consult a hematologist."
38,Male,Yes,Yes,No,No,Yes,Yes,No,Yes,No,Yes,No,Yes,No,No,Positive,Pernicious Anemia,"Take B12 injections or supplements, eat B12-rich foods, regular follow-ups with a doctor."
35,Male,Yes,No,No,No,Yes,Yes,No,No,Yes,Yes,No,No,Yes,No,Positive,Iron-deficiency,"Eat iron-rich food (leafy greens, meat), take iron supplements, avoid tea/coffee with meals, consult a hematologist."
61,Male,Yes,Yes,Yes,Yes,Yes,Yes,Yes,Yes,No,No,No,No,Yes,Yes,Positive,Pernicious Anemia,"Take B12 injections or supplements, eat B12-rich foods, regular follow-ups with a doctor."
60,Male,Yes,Yes,No,Yes,Yes,No,Yes,Yes,No,Yes,Yes,No,No,No,Positive,Iron-deficiency,"Eat iron-rich food (leafy greens, meat), take iron supplements, avoid tea/coffee with meals, consult a hematologist."
58,Male,Yes,Yes,No,Yes,Yes,No,No,No,No,Yes,Yes,Yes,No,No,Positive,Pernicious Anemia,"Take B12 injections or supplements, eat B12-rich foods, regular follow-ups with a doctor."
54,Male,Yes,Yes,Yes,Yes,No,Yes,No,No,No,Yes,No,Yes,No,No,Positive,Iron-deficiency,"Eat iron-rich food (leafy greens, meat), take iron supplements, avoid tea/coffee with meals, consult a hematologist."
67,Male,No,Yes,No,Yes,Yes,No,Yes,No,Yes,Yes,Yes,Yes,Yes,Yes,Positive,Pernicious Anemia,"Take B12 injections or supplements, eat B12-rich foods, regular follow-ups with a doctor."
66,Male,Yes,Yes,No,Yes,Yes,No,Yes,No,No,No,Yes,Yes,No,No,Positive,Iron-deficiency,"Eat iron-rich food (leafy greens, meat), take iron supplements, avoid tea/coffee with meals, consult a hematologist."
43,Male,Yes,Yes,Yes,Yes,No,Yes,No,No,No,No,No,No,No,No,Positive,Pernicious Anemia,"Take B12 injections or supplements, eat B12-rich foods, regular follow-ups with a doctor."
62,Male,Yes,Yes,No,Yes,Yes,No,Yes,No,Yes,No,Yes,Yes,No,No,Positive,Iron-deficiency,"Eat iron-rich food (leafy greens, meat), take iron supplements, avoid tea/coffee with meals, consult a hematologist."
54,Male,Yes,Yes,Yes,Yes,Yes,Yes,Yes,Yes,No,Yes,No,Yes,Yes,No,Positive,Pernicious Anemia,"Take B12 injections or supplements, eat B12-rich foods, regular follow-ups with a doctor."
39,Male,Yes,No,Yes,No,No,Yes,No,Yes,Yes,No,No,No,Yes,No,Positive,Iron-deficiency,"Eat iron-rich food (leafy greens, meat), take iron supplements, avoid tea/coffee with meals, consult a hematologist."
48,Male,No,Yes,Yes,Yes,No,No,Yes,Yes,Yes,Yes,No,No,No,No,Positive,Pernicious Anemia,"Take B12 injections or supplements, eat B12-rich foods, regular follow-ups with a doctor."
58,Male,Yes,Yes,Yes,Yes,Yes,No,Yes,No,No,Yes,Yes,Yes,No,Yes,Positive,Iron-deficiency,"Eat iron-rich food (leafy greens, meat), take iron supplements, avoid tea/coffee with meals, consult a hematologist."
32,Male,No,No,No,No,No,Yes,No,No,Yes,Yes,No,No,No,Yes,Positive,Pernicious Anemia,"Take B12 injections or supplements, eat B12-rich foods, regular follow-ups with a doctor."
42,Male,No,No,No,Yes,Yes,No,No,No,Yes,No,No,Yes,No,No,Positive,Iron-deficiency,"Eat iron-rich food (leafy greens, meat), take iron supplements, avoid tea/coffee with meals, consult a hematologist."
52,Male,Yes,Yes,Yes,Yes,Yes,No,Yes,Yes,No,Yes,Yes,Yes,No,No,Positive,Pernicious Anemia,"Take B12 injections or supplements, eat B12-rich foods, regular follow-ups with a doctor."
38,Male,No,Yes,No,No,No,Yes,No,No,No,No,No,No,Yes,No,Positive,Iron-deficiency,"Eat iron-rich food (leafy greens, meat), take iron supplements, avoid tea/coffee with meals, consult a hematologist."
53,Male,Yes,Yes,Yes,Yes,Yes,No,Yes,No,Yes,No,Yes,No,Yes,No,Positive,Pernicious Anemia,"Take B12 injections or supplements, eat B12-rich foods, regular follow-ups with a doctor."
57,Male,Yes,Yes,Yes,Yes,Yes,No,Yes,No,No,No,Yes,No,No,No,Positive,Iron-deficiency,"Eat iron-rich food (leafy greens, meat), take iron supplements, avoid tea/coffee with meals, consult a hematologist."
41,Male,Yes,Yes,Yes,Yes,Yes,Yes,Yes,Yes,Yes,No,No,No,No,Yes,Positive,Pernicious Anemia,"Take B12 injections or supplements, eat B12-rich foods, regular follow-ups with a doctor."
37,Male,No,No,No,Yes,No,No,No,No,No,Yes,No,No,Yes,No,Positive,Iron-deficiency,"Eat iron-rich food (leafy greens, meat), take iron supplements, avoid tea/coffee with meals, consult a hematologist."
54,Male,Yes,Yes,Yes,Yes,No,No,Yes,Yes,Yes,Yes,Yes,Yes,No,No,Positive,Pernicious Anemia,"Take B12 injections or supplements, eat B12-rich foods, regular follow-ups with a doctor."
49,Male,Yes,Yes,No,Yes,No,No,Yes,Yes,No,No,No,No,No,No,Positive,Iron-deficiency,"Eat iron-rich food (leafy greens, meat), take iron supplements, avoid tea/coffee with meals, consult a hematologist."
48,Male,Yes,Yes,No,Yes,No,Yes,Yes,Yes,No,No,No,No,No,No,Positive,Pernicious Anemia,"Take B12 injections or supplements, eat B12-rich foods, regular follow-ups with a doctor."
60,Male,Yes,No,No,No,No,No,Yes,No,No,No,Yes,No,Yes,No,Positive,Iron-deficiency,"Eat iron-rich food (leafy greens, meat), take iron supplements, avoid tea/coffee with meals, consult a hematologist."
63,Male,Yes,Yes,Yes,Yes,Yes,No,Yes,No,No,No,No,Yes,Yes,Yes,Positive,Pernicious Anemia,"Take B12 injections or supplements, eat B12-rich foods, regular follow-ups with a doctor."
35,Male,Yes,No,Yes,No,No,No,No,No,No,No,Yes,No,Yes,No,Positive,Iron-deficiency,"Eat iron-rich food (leafy greens, meat), take iron supplements, avoid tea/coffee with meals, consult a hematologist."
30,Female,Yes,No,Yes,Yes,Yes,No,No,No,No,Yes,No,No,No,No,Positive,Pernicious Anemia,"Take B12 injections or supplements, eat B12-rich foods, regular follow-ups with a doctor."
53,Female,No,Yes,Yes,No,Yes,Yes,Yes,Yes,Yes,Yes,No,Yes,No,No,Positive,Iron-deficiency,"Eat iron-rich food (leafy greens, meat), take iron supplements, avoid tea/coffee with meals, consult a hematologist."
50,Female,Yes,Yes,Yes,No,Yes,No,No,No,No,Yes,Yes,No,No,No,Positive,Pernicious Anemia,"Take B12 injections or supplements, eat B12-rich foods, regular follow-ups with a doctor."
50,Female,No,Yes,No,Yes,Yes,No,Yes,Yes,Yes,Yes,Yes,Yes,No,No,Positive,Iron-deficiency,"Eat iron-rich food (leafy greens, meat), take iron supplements, avoid tea/coffee with meals, consult a hematologist."
35,Female,Yes,Yes,Yes,Yes,Yes,No,No,Yes,No,Yes,Yes,Yes,No,No,Positive,Pernicious Anemia,"Take B12 injections or supplements, eat B12-rich foods, regular follow-ups with a doctor."
40,Female,Yes,Yes,Yes,Yes,No,No,Yes,Yes,No,No,Yes,Yes,No,No,Positive,Iron-deficiency,"Eat iron-rich food (leafy greens, meat), take iron supplements, avoid tea/coffee with meals, consult a hematologist."
48,Female,No,No,Yes,Yes,No,No,Yes,Yes,No,Yes,Yes,No,No,No,Positive,Pernicious Anemia,"Take B12 injections or supplements, eat B12-rich foods, regular follow-ups with a doctor."
60,Female,Yes,Yes,Yes,Yes,Yes,No,Yes,Yes,No,Yes,Yes,Yes,No,Yes,Positive,Iron-deficiency,"Eat iron-rich food (leafy greens, meat), take iron supplements, avoid tea/coffee with meals, consult a hematologist."
60,Female,Yes,Yes,Yes,Yes,Yes,No,Yes,Yes,No,No,Yes,Yes,No,No,Positive,Pernicious Anemia,"Take B12 injections or supplements, eat B12-rich foods, regular follow-ups with a doctor."
35,Female,Yes,Yes,Yes,Yes,Yes,No,Yes,Yes,No,Yes,No,Yes,No,Yes,Positive,Iron-deficiency,"Eat iron-rich food (leafy greens, meat), take iron supplements, avoid tea/coffee with meals, consult a hematologist."
46,Female,Yes,No,Yes,Yes,No,No,Yes,No,No,Yes,Yes,Yes,No,No,Positive,Pernicious Anemia,"Take B12 injections or supplements, eat B12-rich foods, regular follow-ups with a doctor."
36,Female,Yes,Yes,Yes,No,Yes,No,Yes,No,Yes,Yes,Yes,Yes,No,No,Positive,Iron-deficiency,"Eat iron-rich food (leafy greens, meat), take iron supplements, avoid tea/coffee with meals, consult a hematologist."
50,Female,Yes,Yes,Yes,Yes,Yes,No,Yes,No,No,No,Yes,No,No,No,Positive,Pernicious Anemia,"Take B12 injections or supplements, eat B12-rich foods, regular follow-ups with a doctor."
60,Female,No,Yes,Yes,Yes,Yes,Yes,Yes,No,Yes,Yes,Yes,Yes,No,No,Positive,Iron-deficiency,"Eat iron-rich food (leafy greens, meat), take iron supplements, avoid tea/coffee with meals, consult a hematologist."
50,Female,No,Yes,Yes,Yes,No,No,Yes,No,No,Yes,No,No,No,No,Positive,Pernicious Anemia,"Take B12 injections or supplements, eat B12-rich foods, regular follow-ups with a doctor."
51,Female,No,No,No,No,No,No,Yes,No,No,No,Yes,Yes,No,No,Positive,Iron-deficiency,"Eat iron-rich food (leafy greens, meat), take iron supplements, avoid tea/coffee with meals, consult a hematologist."
38,Female,No,No,No,No,No,No,No,No,No,No,No,No,No,Yes,Positive,Pernicious Anemia,"Take B12 injections or supplements, eat B12-rich foods, regular follow-ups with a doctor."
66,Female,Yes,Yes,Yes,Yes,Yes,Yes,Yes,Yes,No,Yes,Yes,Yes,No,No,Positive,Iron-deficiency,"Eat iron-rich food (leafy greens, meat), take iron supplements, avoid tea/coffee with meals, consult a hematologist."
53,Female,No,No,No,No,Yes,No,Yes,No,No,No,Yes,No,No,No,Positive,Pernicious Anemia,"Take B12 injections or supplements, eat B12-rich foods, regular follow-ups with a doctor."
59,Female,No,No,No,No,No,No,No,No,No,No,No,No,No,No,Positive,Iron-deficiency,"Eat iron-rich food (leafy greens, meat), take iron supplements, avoid tea/coffee with meals, consult a hematologist."
39,Female,Yes,Yes,No,Yes,Yes,No,Yes,No,Yes,Yes,Yes,Yes,No,Yes,Positive,Pernicious Anemia,"Take B12 injections or supplements, eat B12-rich foods, regular follow-ups with a doctor."
65,Female,Yes,Yes,No,Yes,Yes,No,No,Yes,No,No,Yes,Yes,No,No,Positive,Iron-deficiency,"Eat iron-rich food (leafy greens, meat), take iron supplements, avoid tea/coffee with meals, consult a hematologist."
35,Female,Yes,Yes,Yes,Yes,Yes,No,Yes,Yes,No,Yes,Yes,Yes,No,No,Positive,Pernicious Anemia,"Take B12 injections or supplements, eat B12-rich foods, regular follow-ups with a doctor."
55,Female,Yes,Yes,No,Yes,Yes,No,Yes,Yes,No,Yes,Yes,Yes,No,No,Positive,Iron-deficiency,"Eat iron-rich food (leafy greens, meat), take iron supplements, avoid tea/coffee with meals, consult a hematologist."
60,Female,Yes,No,Yes,Yes,No,Yes,Yes,Yes,No,Yes,Yes,Yes,No,Yes,Positive,Pernicious Anemia,"Take B12 injections or supplements, eat B12-rich foods, regular follow-ups with a doctor."
45,Female,No,No,No,No,No,No,Yes,Yes,No,No,Yes,No,No,No,Positive,Iron-deficiency,"Eat iron-rich food (leafy greens, meat), take iron supplements, avoid tea/coffee with meals, consult a hematologist."
40,Female,Yes,No,Yes,No,Yes,No,No,No,No,No,No,No,No,No,Positive,Pernicious Anemia,"Take B12 injections or supplements, eat B12-rich foods, regular follow-ups with a doctor."
30,Female,Yes,Yes,No,No,No,No,No,Yes,No,Yes,Yes,No,No,No,Positive,Iron-deficiency,"Eat iron-rich food (leafy greens, meat), take iron supplements, avoid tea/coffee with meals, consult a hematologist."
35,Female,No,Yes,Yes,Yes,Yes,No,No,Yes,No,No,Yes,No,No,No,Positive,Pernicious Anemia,"Take B12 injections or supplements, eat B12-rich foods, regular follow-ups with a doctor."
25,Female,No,No,No,Yes,Yes,No,Yes,No,No,No,No,No,Yes,No,Positive,Iron-deficiency,"Eat iron-rich food (leafy greens, meat), take iron supplements, avoid tea/coffee with meals, consult a hematologist."
50,Female,Yes,Yes,Yes,Yes,Yes,No,Yes,No,No,No,Yes,No,No,Yes,Positive,Pernicious Anemia,"Take B12 injections or supplements, eat B12-rich foods, regular follow-ups with a doctor."
40,Female,No,No,Yes,Yes,No,No,No,No,No,No,No,No,No,No,Positive,Iron-deficiency,"Eat iron-rich food (leafy greens, meat), take iron supplements, avoid tea/coffee with meals, consult a hematologist."
35,Female,No,Yes,Yes,Yes,No,No,No,Yes,No,Yes,Yes,Yes,No,No,Positive,Pernicious Anemia,"Take B12 injections or supplements, eat B12-rich foods, regular follow-ups with a doctor."
65,Female,No,No,No,No,No,Yes,No,No,No,No,No,No,No,No,Positive,Iron-deficiency,"Eat iron-rich food (leafy greens, meat), take iron supplements, avoid tea/coffee with meals, consult a hematologist."
38,Female,Yes,Yes,Yes,Yes,Yes,No,No,No,No,No,Yes,No,No,No,Positive,Pernicious Anemia,"Take B12 injections or supplements, eat B12-rich foods, regular follow-ups with a doctor."
50,Female,Yes,Yes,Yes,Yes,Yes,No,No,Yes,No,Yes,Yes,Yes,No,No,Positive,Iron-deficiency,"Eat iron-rich food (leafy greens, meat), take iron supplements, avoid tea/coffee with meals, consult a hematologist."
55,Female,Yes,Yes,Yes,Yes,No,No,Yes,No,No,No,Yes,No,No,Yes,Positive,Pernicious Anemia,"Take B12 injections or supplements, eat B12-rich foods, regular follow-ups with a doctor."
48,Female,Yes,Yes,Yes,Yes,Yes,No,No,No,No,No,Yes,No,No,No,Positive,Iron-deficiency,"Eat iron-rich food (leafy greens, meat), take iron supplements, avoid tea/coffee with meals, consult a hematologist."
55,Female,Yes,Yes,Yes,No,Yes,No,No,Yes,No,Yes,Yes,No,No,No,Positive,Pernicious Anemia,"Take B12 injections or supplements, eat B12-rich foods, regular follow-ups with a doctor."
39,Female,Yes,Yes,Yes,Yes,Yes,No,No,Yes,Yes,Yes,Yes,No,No,No,Positive,Iron-deficiency,"Eat iron-rich food (leafy greens, meat), take iron supplements, avoid tea/coffee with meals, consult a hematologist."
43,Female,Yes,Yes,Yes,Yes,Yes,No,Yes,No,No,No,Yes,Yes,No,Yes,Positive,Pernicious Anemia,"Take B12 injections or supplements, eat B12-rich foods, regular follow-ups with a doctor."
35,Female,Yes,Yes,No,Yes,No,No,Yes,No,No,No,No,No,No,No,Positive,Iron-deficiency,"Eat iron-rich food (leafy greens, meat), take iron supplements, avoid tea/coffee with meals, consult a hematologist."
47,Female,No,No,Yes,Yes,Yes,No,No,No,No,No,No,Yes,No,No,Positive,Pernicious Anemia,"Take B12 injections or supplements, eat B12-rich foods, regular follow-ups with a doctor."
50,Female,Yes,Yes,No,Yes,Yes,No,No,No,No,Yes,Yes,No,No,No,Positive,Iron-deficiency,"Eat iron-rich food (leafy greens, meat), take iron supplements, avoid tea/coffee with meals, consult a hematologist."
48,Female,Yes,Yes,No,Yes,No,No,Yes,Yes,No,Yes,Yes,No,No,No,Positive,Pernicious Anemia,"Take B12 injections or supplements, eat B12-rich foods, regular follow-ups with a doctor."
35,Female,Yes,Yes,Yes,Yes,Yes,No,Yes,Yes,No,Yes,Yes,Yes,No,No,Positive,Iron-deficiency,"Eat iron-rich food (leafy greens, meat), take iron supplements, avoid tea/coffee with meals, consult a hematologist."
49,Female,No,No,Yes,Yes,No,No,No,No,No,No,No,No,No,Yes,Positive,Pernicious Anemia,"Take B12 injections or supplements, eat B12-rich foods, regular follow-ups with a doctor."
38,Female,Yes,Yes,Yes,Yes,Yes,No,Yes,Yes,Yes,Yes,Yes,Yes,No,No,Positive,Iron-deficiency,"Eat iron-rich food (leafy greens, meat), take iron supplements, avoid tea/coffee with meals, consult a hematologist."
28,Female,No,No,No,No,No,No,Yes,No,No,No,Yes,Yes,No,No,Positive,Pernicious Anemia,"Take B12 injections or supplements, eat B12-rich foods, regular follow-ups with a doctor."
68,Female,Yes,Yes,No,Yes,Yes,No,Yes,Yes,No,Yes,Yes,No,No,No,Positive,Iron-deficiency,"Eat iron-rich food (leafy greens, meat), take iron supplements, avoid tea/coffee with meals, consult a hematologist."
35,Female,No,No,No,No,No,No,No,No,No,No,No,No,No,No,Positive,Pernicious Anemia,"Take B12 injections or supplements, eat B12-rich foods, regular follow-ups with a doctor."
45,Female,No,No,No,No,Yes,No,Yes,Yes,No,No,Yes,No,No,No,Positive,Iron-deficiency,"Eat iron-rich food (leafy greens, meat), take iron supplements, avoid tea/coffee with meals, consult a hematologist."
48,Female,Yes,Yes,Yes,Yes,Yes,No,Yes,Yes,Yes,Yes,Yes,Yes,No,No,Positive,Pernicious Anemia,"Take B12 injections or supplements, eat B12-rich foods, regular follow-ups with a doctor."
40,Female,Yes,Yes,Yes,Yes,No,No,Yes,No,No,Yes,Yes,Yes,No,No,Positive,Iron-deficiency,"Eat iron-rich food (leafy greens, meat), take iron supplements, avoid tea/coffee with meals, consult a hematologist."
40,Female,Yes,Yes,No,Yes,Yes,No,No,Yes,No,No,Yes,No,No,No,Positive,Pernicious Anemia,"Take B12 injections or supplements, eat B12-rich foods, regular follow-ups with a doctor."
36,Female,Yes,Yes,No,Yes,Yes,No,Yes,Yes,No,Yes,Yes,No,No,No,Positive,Iron-deficiency,"Eat iron-rich food (leafy greens, meat), take iron supplements, avoid tea/coffee with meals, consult a hematologist."
56,Female,Yes,Yes,No,Yes,No,No,Yes,Yes,No,No,Yes,No,No,No,Positive,Pernicious Anemia,"Take B12 injections or supplements, eat B12-rich foods, regular follow-ups with a doctor."
30,Female,Yes,Yes,Yes,Yes,No,No,No,Yes,No,Yes,Yes,Yes,No,No,Positive,Iron-deficiency,"Eat iron-rich food (leafy greens, meat), take iron supplements, avoid tea/coffee with meals, consult a hematologist."
31,Female,Yes,Yes,Yes,Yes,Yes,No,No,Yes,Yes,No,Yes,Yes,No,No,Positive,Pernicious Anemia,"Take B12 injections or supplements, eat B12-rich foods, regular follow-ups with a doctor."
35,Female,Yes,Yes,No,No,No,No,Yes,No,No,No,No,No,Yes,No,Positive,Iron-deficiency,"Eat iron-rich food (leafy greens, meat), take iron supplements, avoid tea/coffee with meals, consult a hematologist."
39,Female,Yes,Yes,No,No,Yes,Yes,Yes,Yes,No,Yes,Yes,No,No,No,Positive,Pernicious Anemia,"Take B12 injections or supplements, eat B12-rich foods, regular follow-ups with a doctor."
48,Female,Yes,Yes,Yes,No,Yes,Yes,No,No,Yes,Yes,No,Yes,Yes,Yes,Positive,Iron-deficiency,"Eat iron-rich food (leafy greens, meat), take iron supplements, avoid tea/coffee with meals, consult a hematologist."
85,Male,Yes,Yes,Yes,Yes,Yes,Yes,Yes,Yes,No,Yes,Yes,Yes,No,No,Positive,Pernicious Anemia,"Take B12 injections or supplements, eat B12-rich foods, regular follow-ups with a doctor."
90,Female,No,Yes,Yes,No,No,Yes,Yes,Yes,No,No,No,Yes,Yes,No,Positive,Iron-deficiency,"Eat iron-rich food (leafy greens, meat), take iron supplements, avoid tea/coffee with meals, consult a hematologist."
72,Male,Yes,No,Yes,Yes,Yes,No,No,No,Yes,Yes,Yes,Yes,Yes,No,Positive,Pernicious Anemia,"Take B12 injections or supplements, eat B12-rich foods, regular follow-ups with a doctor."
70,Male,Yes,No,Yes,Yes,Yes,Yes,No,No,Yes,Yes,Yes,Yes,Yes,No,Positive,Iron-deficiency,"Eat iron-rich food (leafy greens, meat), take iron supplements, avoid tea/coffee with meals, consult a hematologist."
69,Female,Yes,No,Yes,Yes,Yes,Yes,Yes,Yes,No,Yes,No,No,Yes,No,Positive,Pernicious Anemia,"Take B12 injections or supplements, eat B12-rich foods, regular follow-ups with a doctor."
58,Male,No,Yes,Yes,Yes,Yes,No,Yes,Yes,No,No,Yes,No,Yes,Yes,Positive,Iron-deficiency,"Eat iron-rich food (leafy greens, meat), take iron supplements, avoid tea/coffee with meals, consult a hematologist."
47,Male,Yes,No,Yes,Yes,Yes,No,No,No,No,Yes,Yes,Yes,No,No,Positive,Pernicious Anemia,"Take B12 injections or supplements, eat B12-rich foods, regular follow-ups with a doctor."
25,Male,Yes,Yes,No,No,Yes,Yes,Yes,Yes,No,Yes,No,No,Yes,No,Positive,Iron-deficiency,"Eat iron-rich food (leafy greens, meat), take iron supplements, avoid tea/coffee with meals, consult a hematologist."
39,Female,Yes,Yes,No,No,Yes,No,Yes,No,Yes,Yes,Yes,Yes,No,No,Positive,Pernicious Anemia,"Take B12 injections or supplements, eat B12-rich foods, regular follow-ups with a doctor."
53,Female,No,No,Yes,Yes,No,No,Yes,Yes,No,Yes,No,No,No,No,Positive,Iron-deficiency,"Eat iron-rich food (leafy greens, meat), take iron supplements, avoid tea/coffee with meals, consult a hematologist."
52,Male,Yes,Yes,Yes,No,Yes,Yes,Yes,No,Yes,No,Yes,No,Yes,Yes,Positive,Pernicious Anemia,"Take B12 injections or supplements, eat B12-rich foods, regular follow-ups with a doctor."
68,Female,Yes,Yes,Yes,No,Yes,Yes,Yes,No,Yes,Yes,No,Yes,Yes,No,Positive,Iron-deficiency,"Eat iron-rich food (leafy greens, meat), take iron supplements, avoid tea/coffee with meals, consult a hematologist."
79,Male,No,Yes,Yes,Yes,Yes,Yes,No,Yes,Yes,No,Yes,No,No,No,Positive,Pernicious Anemia,"Take B12 injections or supplements, eat B12-rich foods, regular follow-ups with a doctor."
55,Female,Yes,No,Yes,No,No,Yes,Yes,Yes,No,Yes,Yes,No,No,No,Positive,Iron-deficiency,"Eat iron-rich food (leafy greens, meat), take iron supplements, avoid tea/coffee with meals, consult a hematologist."
45,Female,Yes,Yes,Yes,Yes,Yes,No,Yes,Yes,Yes,Yes,Yes,No,No,No,Positive,Pernicious Anemia,"Take B12 injections or supplements, eat B12-rich foods, regular follow-ups with a doctor."
30,Female,Yes,Yes,Yes,No,Yes,No,No,No,Yes,No,Yes,Yes,No,No,Positive,Iron-deficiency,"Eat iron-rich food (leafy greens, meat), take iron supplements, avoid tea/coffee with meals, consult a hematologist."
45,Female,Yes,Yes,No,Yes,Yes,No,Yes,Yes,Yes,Yes,Yes,Yes,No,No,Positive,Pernicious Anemia,"Take B12 injections or supplements, eat B12-rich foods, regular follow-ups with a doctor."
65,Female,Yes,Yes,No,Yes,No,No,Yes,Yes,Yes,Yes,Yes,No,No,No,Positive,Iron-deficiency,"Eat iron-rich food (leafy greens, meat), take iron supplements, avoid tea/coffee with meals, consult a hematologist."
34,Female,Yes,Yes,No,Yes,No,No,No,No,Yes,No,No,Yes,No,No,Positive,Pernicious Anemia,"Take B12 injections or supplements, eat B12-rich foods, regular follow-ups with a doctor."
48,Male,Yes,Yes,No,Yes,Yes,No,No,No,No,Yes,No,Yes,Yes,No,Positive,Iron-deficiency,"Eat iron-rich food (leafy greens, meat), take iron supplements, avoid tea/coffee with meals, consult a hematologist."
35,Male,Yes,Yes,No,Yes,Yes,Yes,No,Yes,No,Yes,Yes,Yes,No,No,Positive,Pernicious Anemia,"Take B12 injections or supplements, eat B12-rich foods, regular follow-ups with a doctor."
40,Male,No,Yes,No,Yes,Yes,No,No,Yes,Yes,Yes,Yes,Yes,No,Yes,Positive,Iron-deficiency,"Eat iron-rich food (leafy greens, meat), take iron supplements, avoid tea/coffee with meals, consult a hematologist."
47,Male,No,Yes,No,No,No,No,Yes,Yes,No,No,No,No,Yes,Yes,Positive,Pernicious Anemia,"Take B12 injections or supplements, eat B12-rich foods, regular follow-ups with a doctor."
38,Male,Yes,No,Yes,Yes,No,No,No,No,No,No,No,No,No,No,Positive,Iron-deficiency,"Eat iron-rich food (leafy greens, meat), take iron supplements, avoid tea/coffee with meals, consult a hematologist."
55,Male,Yes,Yes,Yes,Yes,Yes,No,Yes,No,No,Yes,Yes,No,No,No,Positive,Pernicious Anemia,"Take B12 injections or supplements, eat B12-rich foods, regular follow-ups with a doctor."
66,Male,Yes,Yes,No,Yes,No,Yes,No,Yes,Yes,Yes,Yes,No,No,No,Positive,Iron-deficiency,"Eat iron-rich food (leafy greens, meat), take iron supplements, avoid tea/coffee with meals, consult a hematologist."
57,Male,Yes,No,No,Yes,Yes,No,No,Yes,Yes,No,No,Yes,Yes,No,Positive,Pernicious Anemia,"Take B12 injections or supplements, eat B12-rich foods, regular follow-ups with a doctor."
32,Male,No,Yes,No,Yes,Yes,Yes,No,Yes,Yes,No,No,No,Yes,No,Positive,Iron-deficiency,"Eat iron-rich food (leafy greens, meat), take iron supplements, avoid tea/coffee with meals, consult a hematologist."
48,Male,Yes,Yes,Yes,Yes,No,No,No,Yes,No,No,Yes,No,Yes,No,Positive,Pernicious Anemia,"Take B12 injections or supplements, eat B12-rich foods, regular follow-ups with a doctor."
47,Male,Yes,Yes,Yes,Yes,Yes,Yes,Yes,Yes,Yes,No,No,Yes,No,No,Positive,Iron-deficiency,"Eat iron-rich food (leafy greens, meat), take iron supplements, avoid tea/coffee with meals, consult a hematologist."
43,Male,Yes,No,No,No,Yes,No,No,No,Yes,No,No,Yes,No,No,Positive,Pernicious Anemia,"Take B12 injections or supplements, eat B12-rich foods, regular follow-ups with a doctor."
30,Male,Yes,Yes,Yes,Yes,No,Yes,No,No,No,Yes,No,No,No,No,Positive,Iron-deficiency,"Eat iron-rich food (leafy greens, meat), take iron supplements, avoid tea/coffee with meals, consult a hematologist."
16,Male,Yes,No,Yes,No,Yes,No,No,No,No,No,No,No,No,No,Positive,Pernicious Anemia,"Take B12 injections or supplements, eat B12-rich foods, regular follow-ups with a doctor."
35,Male,Yes,Yes,Yes,Yes,No,No,No,No,No,No,No,No,No,No,Positive,Iron-deficiency,"Eat iron-rich food (leafy greens, meat), take iron supplements, avoid tea/coffee with meals, consult a hematologist."
66,Male,No,No,No,Yes,No,Yes,Yes,No,Yes,Yes,Yes,Yes,Yes,No,Positive,Pernicious Anemia,"Take B12 injections or supplements, eat B12-rich foods, regular follow-ups with a doctor."
54,Male,No,No,No,No,No,Yes,No,Yes,Yes,No,No,Yes,Yes,Yes,Positive,Iron-deficiency,"Eat iron-rich food (leafy greens, meat), take iron supplements, avoid tea/coffee with meals, consult a hematologist."
58,Male,Yes,Yes,Yes,Yes,Yes,Yes,No,Yes,Yes,Yes,Yes,Yes,Yes,Yes,Positive,Pernicious Anemia,"Take B12 injections or supplements, eat B12-rich foods, regular follow-ups with a doctor."
51,Male,Yes,Yes,Yes,Yes,No,Yes,No,No,Yes,Yes,Yes,No,Yes,No,Positive,Iron-deficiency,"Eat iron-rich food (leafy greens, meat), take iron supplements, avoid tea/coffee with meals, consult a hematologist."
40,Male,Yes,No,No,No,No,Yes,No,Yes,No,Yes,No,No,Yes,No,Positive,Pernicious Anemia,"Take B12 injections or supplements, eat B12-rich foods, regular follow-ups with a doctor."
47,Male,Yes,Yes,No,No,No,No,No,No,No,No,No,Yes,No,No,Positive,Iron-deficiency,"Eat iron-rich food (leafy greens, meat), take iron supplements, avoid tea/coffee with meals, consult a hematologist."
62,Male,Yes,Yes,No,No,Yes,No,Yes,No,Yes,Yes,Yes,No,Yes,No,Positive,Pernicious Anemia,"Take B12 injections or supplements, eat B12-rich foods, regular follow-ups with a doctor."
49,Male,Yes,Yes,Yes,No,No,No,No,Yes,No,No,No,No,No,No,Positive,Iron-deficiency,"Eat iron-rich food (leafy greens, meat), take iron supplements, avoid tea/coffee with meals, consult a hematologist."
53,Male,Yes,No,Yes,No,No,No,No,No,No,Yes,Yes,No,No,No,Positive,Pernicious Anemia,"Take B12 injections or supplements, eat B12-rich foods, regular follow-ups with a doctor."
68,Male,Yes,Yes,No,No,Yes,No,Yes,Yes,Yes,No,Yes,No,No,No,Positive,Iron-deficiency,"Eat iron-rich food (leafy greens, meat), take iron supplements, avoid tea/coffee with meals, consult a hematologist."
61,Male,Yes,No,No,Yes,Yes,Yes,Yes,Yes,Yes,Yes,Yes,No,No,No,Positive,Pernicious Anemia,"Take B12 injections or supplements, eat B12-rich foods, regular follow-ups with a doctor."
39,Male,Yes,Yes,No,No,No,Yes,No,Yes,No,No,No,Yes,No,Yes,Positive,Iron-deficiency,"Eat iron-rich food (leafy greens, meat), take iron supplements, avoid tea/coffee with meals, consult a hematologist."
38,Male,Yes,No,No,No,No,Yes,No,Yes,No,No,No,Yes,No,Yes,Positive,Pernicious Anemia,"Take B12 injections or supplements, eat B12-rich foods, regular follow-ups with a doctor."
44,Male,No,Yes,No,No,No,Yes,No,No,No,Yes,No,No,No,Yes,Positive,Iron-deficiency,"Eat iron-rich food (leafy greens, meat), take iron supplements, avoid tea/coffee with meals, consult a hematologist."
45,Male,Yes,Yes,No,Yes,No,Yes,No,No,No,Yes,No,No,Yes,No,Positive,Pernicious Anemia,"Take B12 injections or supplements, eat B12-rich foods, regular follow-ups with a doctor."
50,Male,Yes,Yes,Yes,Yes,Yes,No,No,Yes,Yes,Yes,No,No,Yes,No,Positive,Iron-deficiency,"Eat iron-rich food (leafy greens, meat), take iron supplements, avoid tea/coffee with meals, consult a hematologist."
42,Male,Yes,Yes,No,Yes,No,Yes,No,No,Yes,No,Yes,No,Yes,No,Positive,Pernicious Anemia,"Take B12 injections or supplements, eat B12-rich foods, regular follow-ups with a doctor."
55,Male,No,Yes,No,Yes,No,Yes,No,No,Yes,Yes,No,No,Yes,No,Positive,Iron-deficiency,"Eat iron-rich food (leafy greens, meat), take iron supplements, avoid tea/coffee with meals, consult a hematologist."
57,Male,No,Yes,No,Yes,No,Yes,Yes,No,Yes,Yes,Yes,Yes,Yes,No,Positive,Pernicious Anemia,"Take B12 injections or supplements, eat B12-rich foods, regular follow-ups with a doctor."
62,Male,Yes,No,No,Yes,No,Yes,Yes,Yes,Yes,No,Yes,Yes,Yes,Yes,Positive,Iron-deficiency,"Eat iron-rich food (leafy greens, meat), take iron supplements, avoid tea/coffee with meals, consult a hematologist."
33,Male,No,Yes,No,No,No,No,No,No,No,No,No,No,No,No,Positive,Pernicious Anemia,"Take B12 injections or supplements, eat B12-rich foods, regular follow-ups with a doctor."
55,Male,Yes,Yes,Yes,Yes,No,Yes,No,No,Yes,No,Yes,No,No,No,Positive,Iron-deficiency,"Eat iron-rich food (leafy greens, meat), take iron supplements, avoid tea/coffee with meals, consult a hematologist."
48,Male,Yes,Yes,Yes,No,Yes,Yes,No,No,No,Yes,No,No,No,No,Positive,Pernicious Anemia,"Take B12 injections or supplements, eat B12-rich foods, regular follow-ups with a doctor."
56,Male,Yes,No,Yes,Yes,No,Yes,No,Yes,Yes,No,No,No,Yes,No,Positive,Iron-deficiency,"Eat iron-rich food (leafy greens, meat), take iron supplements, avoid tea/coffee with meals, consult a hematologist."
38,Female,Yes,Yes,Yes,Yes,Yes,No,Yes,Yes,Yes,Yes,Yes,Yes,No,No,Positive,Pernicious Anemia,"Take B12 injections or supplements, eat B12-rich foods, regular follow-ups with a doctor."
28,Female,No,No,No,No,No,No,Yes,No,No,No,Yes,Yes,No,No,Positive,Iron-deficiency,"Eat iron-rich food (leafy greens, meat), take iron supplements, avoid tea/coffee with meals, consult a hematologist."
68,Female,Yes,Yes,No,Yes,Yes,No,Yes,Yes,No,Yes,Yes,No,No,No,Positive,Pernicious Anemia,"Take B12 injections or supplements, eat B12-rich foods, regular follow-ups with a doctor."
35,Female,No,No,No,No,No,No,No,No,No,No,No,No,No,No,Positive,Iron-deficiency,"Eat iron-rich food (leafy greens, meat), take iron supplements, avoid tea/coffee with meals, consult a hematologist."
45,Female,No,No,No,No,Yes,No,Yes,Yes,No,No,Yes,No,No,No,Positive,Pernicious Anemia,"Take B12 injections or supplements, eat B12-rich foods, regular follow-ups with a doctor."
48,Female,Yes,Yes,Yes,Yes,Yes,No,Yes,Yes,Yes,Yes,Yes,Yes,No,No,Positive,Iron-deficiency,"Eat iron-rich food (leafy greens, meat), take iron supplements, avoid tea/coffee with meals, consult a hematologist."
40,Female,Yes,Yes,Yes,Yes,No,No,Yes,No,No,Yes,Yes,Yes,No,No,Positive,Pernicious Anemia,"Take B12 injections or supplements, eat B12-rich foods, regular follow-ups with a doctor."
57,Male,Yes,Yes,Yes,Yes,Yes,No,Yes,No,No,No,Yes,No,No,No,Positive,Iron-deficiency,"Eat iron-rich food (leafy greens, meat), take iron supplements, avoid tea/coffee with meals, consult a hematologist."
41,Male,Yes,Yes,Yes,Yes,Yes,Yes,Yes,Yes,Yes,No,No,No,No,Yes,Positive,Pernicious Anemia,"Take B12 injections or supplements, eat B12-rich foods, regular follow-ups with a doctor."
37,Male,No,No,No,Yes,No,No,No,No,No,Yes,No,No,Yes,No,Positive,Iron-deficiency,"Eat iron-rich food (leafy greens, meat), take iron supplements, avoid tea/coffee with meals, consult a hematologist."
54,Male,Yes,Yes,Yes,Yes,No,No,Yes,Yes,Yes,Yes,Yes,Yes,No,No,Positive,Pernicious Anemia,"Take B12 injections or supplements, eat B12-rich foods, regular follow-ups with a doctor."
49,Male,Yes,Yes,No,Yes,No,No,Yes,Yes,No,No,No,No,No,No,Positive,Iron-deficiency,"Eat iron-rich food (leafy greens, meat), take iron supplements, avoid tea/coffee with meals, consult a hematologist."
48,Male,Yes,Yes,No,Yes,No,Yes,Yes,Yes,No,No,No,No,No,No,Positive,Pernicious Anemia,"Take B12 injections or supplements, eat B12-rich foods, regular follow-ups with a doctor."
60,Male,Yes,No,No,No,No,No,Yes,No,No,No,Yes,No,Yes,No,Positive,Iron-deficiency,"Eat iron-rich food (leafy greens, meat), take iron supplements, avoid tea/coffee with meals, consult a hematologist."
63,Male,Yes,Yes,Yes,Yes,Yes,No,Yes,No,No,No,No,Yes,Yes,Yes,Positive,Pernicious Anemia,"Take B12 injections or supplements, eat B12-rich foods, regular follow-ups with a doctor."
35,Male,Yes,No,Yes,No,No,No,No,No,No,No,Yes,No,Yes,No,Positive,Iron-deficiency,"Eat iron-rich food (leafy greens, meat), take iron supplements, avoid tea/coffee with meals, consult a hematologist."
30,Female,Yes,No,Yes,Yes,Yes,No,No,No,No,Yes,No,No,No,No,Positive,Pernicious Anemia,"Take B12 injections or supplements, eat B12-rich foods, regular follow-ups with a doctor."
53,Female,No,Yes,Yes,No,Yes,Yes,Yes,Yes,Yes,Yes,No,Yes,No,No,Positive,Iron-deficiency,"Eat iron-rich food (leafy greens, meat), take iron supplements, avoid tea/coffee with meals, consult a hematologist."
50,Female,Yes,Yes,Yes,No,Yes,No,No,No,No,Yes,Yes,No,No,No,Positive,Pernicious Anemia,"Take B12 injections or supplements, eat B12-rich foods, regular follow-ups with a doctor."
50,Female,No,Yes,No,Yes,Yes,No,Yes,Yes,Yes,Yes,Yes,Yes,No,No,Positive,Iron-deficiency,"Eat iron-rich food (leafy greens, meat), take iron supplements, avoid tea/coffee with meals, consult a hematologist."
35,Female,Yes,Yes,Yes,Yes,Yes,No,No,Yes,No,Yes,Yes,Yes,No,No,Positive,Pernicious Anemia,"Take B12 injections or supplements, eat B12-rich foods, regular follow-ups with a doctor."
40,Female,Yes,Yes,Yes,Yes,No,No,Yes,Yes,No,No,Yes,Yes,No,No,Positive,Iron-deficiency,"Eat iron-rich food (leafy greens, meat), take iron supplements, avoid tea/coffee with meals, consult a hematologist."
31,Female,Yes,Yes,Yes,Yes,Yes,No,No,Yes,Yes,No,Yes,Yes,No,No,Positive,Pernicious Anemia,"Take B12 injections or supplements, eat B12-rich foods, regular follow-ups with a doctor."
35,Female,Yes,Yes,No,No,No,No,Yes,No,No,No,No,No,Yes,No,Positive,Iron-deficiency,"Eat iron-rich food (leafy greens, meat), take iron supplements, avoid tea/coffee with meals, consult a hematologist."
39,Female,Yes,Yes,No,No,Yes,Yes,Yes,Yes,No,Yes,Yes,No,No,No,Positive,Pernicious Anemia,"Take B12 injections or supplements, eat B12-rich foods, regular follow-ups with a doctor."
48,Female,Yes,Yes,Yes,No,Yes,Yes,No,No,Yes,Yes,No,Yes,Yes,Yes,Positive,Iron-deficiency,"Eat iron-rich food (leafy greens, meat), take iron supplements, avoid tea/coffee with meals, consult a hematologist."
85,Male,Yes,Yes,Yes,Yes,Yes,Yes,Yes,Yes,No,Yes,Yes,Yes,No,No,Positive,Pernicious Anemia,"Take B12 injections or supplements, eat B12-rich foods, regular follow-ups with a doctor."
90,Female,No,Yes,Yes,No,No,Yes,Yes,Yes,No,No,No,Yes,Yes,No,Positive,Iron-deficiency,"Eat iron-rich food (leafy greens, meat), take iron supplements, avoid tea/coffee with meals, consult a hematologist."
72,Male,Yes,No,Yes,Yes,Yes,No,No,No,Yes,Yes,Yes,Yes,Yes,No,Positive,Pernicious Anemia,"Take B12 injections or supplements, eat B12-rich foods, regular follow-ups with a doctor."
70,Male,Yes,No,Yes,Yes,Yes,Yes,No,No,Yes,Yes,Yes,Yes,Yes,No,Positive,Iron-deficiency,"Eat iron-rich food (leafy greens, meat), take iron supplements, avoid tea/coffee with meals, consult a hematologist."
69,Female,Yes,No,Yes,Yes,Yes,Yes,Yes,Yes,No,Yes,No,No,Yes,No,Positive,Pernicious Anemia,"Take B12 injections or supplements, eat B12-rich foods, regular follow-ups with a doctor."
58,Male,No,Yes,Yes,Yes,Yes,No,Yes,Yes,No,No,Yes,No,Yes,Yes,Positive,Iron-deficiency,"Eat iron-rich food (leafy greens, meat), take iron supplements, avoid tea/coffee with meals, consult a hematologist."
54,Male,Yes,Yes,No,No,No,No,Yes,No,No,No,No,No,No,No,Positive,Pernicious Anemia,"Take B12 injections or supplements, eat B12-rich foods, regular follow-ups with a doctor."
64,Male,No,Yes,No,No,No,No,No,No,Yes,Yes,No,No,No,No,Positive,Iron-deficiency,"Eat iron-rich food (leafy greens, meat), take iron supplements, avoid tea/coffee with meals, consult a hematologist."
36,Male,Yes,No,No,Yes,No,Yes,Yes,Yes,No,Yes,No,No,No,No,Positive,Pernicious Anemia,"Take B12 injections or supplements, eat B12-rich foods, regular follow-ups with a doctor."
43,Male,No,No,Yes,Yes,Yes,Yes,Yes,Yes,Yes,Yes,No,No,No,No,Positive,Iron-deficiency,"Eat iron-rich food (leafy greens, meat), take iron supplements, avoid tea/coffee with meals, consult a hematologist."
31,Male,Yes,No,No,No,Yes,No,Yes,No,No,No,Yes,No,Yes,No,Positive,Pernicious Anemia,"Take B12 injections or supplements, eat B12-rich foods, regular follow-ups with a doctor."
66,Male,No,No,No,No,Yes,No,Yes,No,No,No,Yes,No,Yes,No,Positive,Iron-deficiency,"Eat iron-rich food (leafy greens, meat), take iron supplements, avoid tea/coffee with meals, consult a hematologist."
61,Female,Yes,No,No,No,Yes,No,No,No,Yes,No,No,No,Yes,No,Positive,Pernicious Anemia,"Take B12 injections or supplements, eat B12-rich foods, regular follow-ups with a doctor."
58,Female,Yes,No,Yes,No,Yes,No,No,No,Yes,No,No,Yes,No,Yes,Positive,Iron-deficiency,"Eat iron-rich food (leafy greens, meat), take iron supplements, avoid tea/coffee with meals, consult a hematologist."
69,Female,Yes,Yes,Yes,Yes,No,No,Yes,Yes,Yes,No,No,Yes,No,Yes,Positive,Pernicious Anemia,"Take B12 injections or supplements, eat B12-rich foods, regular follow-ups with a doctor."
40,Male,No,Yes,Yes,Yes,No,No,Yes,Yes,No,No,Yes,Yes,No,No,Negative,None,No Anemia detected. Maintain a healthy lifestyle. Consult a general physician if symptoms persist.
28,Male,No,No,Yes,No,No,No,No,No,No,No,No,No,No,No,Negative,None,No Anemia detected. Maintain a healthy lifestyle. Consult a general physician if symptoms persist.
37,Male,No,No,No,No,No,No,No,No,No,No,No,No,No,No,Negative,None,No Anemia detected. Maintain a healthy lifestyle. Consult a general physician if symptoms persist.
34,Male,No,No,No,No,No,No,No,No,No,No,No,No,No,No,Negative,None,No Anemia detected. Maintain a healthy lifestyle. Consult a general physician if symptoms persist.
30,Male,No,No,No,No,No,No,No,No,No,No,No,No,No,No,Negative,None,No Anemia detected. Maintain a healthy lifestyle. Consult a general physician if symptoms persist.
67,Male,Yes,No,No,Yes,Yes,No,Yes,Yes,Yes,Yes,No,Yes,Yes,Yes,Negative,None,No Anemia detected. Maintain a healthy lifestyle. Consult a general physician if symptoms persist.
60,Male,No,No,No,Yes,No,No,No,No,No,No,Yes,Yes,No,No,Negative,None,No Anemia detected. Maintain a healthy lifestyle. Consult a general physician if symptoms persist.
58,Male,No,No,No,No,Yes,No,No,Yes,No,Yes,No,No,Yes,Yes,Negative,None,No Anemia detected. Maintain a healthy lifestyle. Consult a general physician if symptoms persist.
54,Male,No,No,Yes,Yes,No,Yes,No,No,No,Yes,No,No,Yes,No,Negative,None,No Anemia detected. Maintain a healthy lifestyle. Consult a general physician if symptoms persist.
43,Male,No,No,Yes,No,No,Yes,No,No,No,Yes,No,No,Yes,No,Negative,None,No Anemia detected. Maintain a healthy lifestyle. Consult a general physician if symptoms persist.
39,Male,No,No,No,Yes,No,Yes,No,No,No,No,No,No,No,No,Negative,None,No Anemia detected. Maintain a healthy lifestyle. Consult a general physician if symptoms persist.
40,Male,No,No,No,Yes,No,No,No,No,Yes,No,No,No,No,No,Negative,None,No Anemia detected. Maintain a healthy lifestyle. Consult a general physician if symptoms persist.
43,Male,No,No,No,No,No,No,No,No,Yes,No,No,No,No,No,Negative,None,No Anemia detected. Maintain a healthy lifestyle. Consult a general physician if symptoms persist.
49,Male,No,Yes,No,No,No,No,No,Yes,No,No,Yes,No,No,Yes,Negative,None,No Anemia detected. Maintain a healthy lifestyle. Consult a general physician if symptoms persist.
47,Male,No,No,No,No,No,No,No,Yes,No,No,No,No,Yes,No,Negative,None,No Anemia detected. Maintain a healthy lifestyle. Consult a general physician if symptoms persist.
45,Male,No,No,No,No,Yes,Yes,No,No,No,No,No,No,No,No,Negative,None,No Anemia detected. Maintain a healthy lifestyle. Consult a general physician if symptoms persist.
57,Male,No,No,No,No,Yes,No,Yes,No,No,No,No,Yes,No,No,Negative,None,No Anemia detected. Maintain a healthy lifestyle. Consult a general physician if symptoms persist.
72,Male,Yes,No,No,No,Yes,No,Yes,Yes,No,Yes,Yes,Yes,Yes,No,Negative,None,No Anemia detected. Maintain a healthy lifestyle. Consult a general physician if symptoms persist.
30,Male,No,No,No,No,No,No,No,No,No,No,No,No,No,No,Negative,None,No Anemia detected. Maintain a healthy lifestyle. Consult a general physician if symptoms persist.
27,Male,No,No,No,No,No,No,No,No,No,No,No,No,No,No,Negative,None,No Anemia detected. Maintain a healthy lifestyle. Consult a general physician if symptoms persist.
38,Male,No,No,No,No,No,No,No,No,No,No,No,No,No,No,Negative,None,No Anemia detected. Maintain a healthy lifestyle. Consult a general physician if symptoms persist.
43,Male,No,No,No,Yes,No,Yes,No,Yes,No,Yes,No,No,Yes,No,Negative,None,No Anemia detected. Maintain a healthy lifestyle. Consult a general physician if symptoms persist.
40,Male,No,No,Yes,No,No,No,No,No,No,No,No,No,No,Yes,Negative,None,No Anemia detected. Maintain a healthy lifestyle. Consult a general physician if symptoms persist.
55,Male,No,No,No,Yes,Yes,No,Yes,Yes,No,Yes,No,Yes,No,Yes,Negative,None,No Anemia detected. Maintain a healthy lifestyle. Consult a general physician if symptoms persist.
68,Male,No,No,No,Yes,Yes,No,Yes,Yes,No,Yes,No,No,Yes,No,Negative,None,No Anemia detected. Maintain a healthy lifestyle. Consult a general physician if symptoms persist.
29,Male,No,No,No,Yes,No,No,No,No,No,No,No,No,No,No,Negative,None,No Anemia detected. Maintain a healthy lifestyle. Consult a general physician if symptoms persist.
37,Male,No,No,No,No,No,No,No,Yes,No,No,No,No,No,No,Negative,None,No Anemia detected. Maintain a healthy lifestyle. Consult a general physician if symptoms persist.
30,Male,No,No,Yes,Yes,No,No,No,No,No,No,No,No,No,No,Negative,None,No Anemia detected. Maintain a healthy lifestyle. Consult a general physician if symptoms persist.
45,Male,No,No,No,Yes,No,No,No,Yes,Yes,Yes,Yes,No,No,No,Negative,None,No Anemia detected. Maintain a healthy lifestyle. Consult a general physician if symptoms persist.
47,Male,No,No,No,No,No,No,No,Yes,No,Yes,No,No,Yes,No,Negative,None,No Anemia detected. Maintain a healthy lifestyle. Consult a general physician if symptoms persist.
35,Male,No,No,Yes,Yes,No,Yes,No,No,No,No,No,No,No,No,Negative,None,No Anemia detected. Maintain a healthy lifestyle. Consult a general physician if symptoms persist.
32,Male,No,No,No,Yes,No,No,No,No,No,No,No,No,No,No,Negative,None,No Anemia detected. Maintain a healthy lifestyle. Consult a general physician if symptoms persist.
56,Male,No,Yes,No,Yes,Yes,No,Yes,Yes,No,Yes,No,Yes,Yes,No,Negative,None,No Anemia detected. Maintain a healthy lifestyle. Consult a general physician if symptoms persist.
50,Male,No,No,No,Yes,No,No,No,Yes,No,Yes,Yes,Yes,Yes,No,Negative,None,No Anemia detected. Maintain a healthy lifestyle. Consult a general physician if symptoms persist.
52,Male,No,No,No,Yes,Yes,No,No,Yes,No,Yes,No,No,Yes,No,Negative,None,No Anemia detected. Maintain a healthy lifestyle. Consult a general physician if symptoms persist.
26,Male,No,No,No,No,No,No,No,No,No,No,No,No,No,No,Negative,None,No Anemia detected. Maintain a healthy lifestyle. Consult a general physician if symptoms persist.
60,Male,No,No,No,Yes,Yes,No,Yes,Yes,No,Yes,No,Yes,Yes,No,Negative,None,No Anemia detected. Maintain a healthy lifestyle. Consult a general physician if symptoms persist.
65,Male,No,No,No,Yes,No,No,Yes,Yes,No,Yes,Yes,Yes,Yes,No,Negative,None,No Anemia detected. Maintain a healthy lifestyle. Consult a general physician if symptoms persist.
72,Male,No,No,No,No,Yes,No,Yes,Yes,No,Yes,No,Yes,Yes,No,Negative,None,No Anemia detected. Maintain a healthy lifestyle. Consult a general physician if symptoms persist.
30,Male,No,No,No,Yes,No,No,No,No,No,No,No,No,No,No,Negative,None,No Anemia detected. Maintain a healthy lifestyle. Consult a general physician if symptoms persist.
45,Male,No,No,No,Yes,No,No,No,Yes,No,No,Yes,No,Yes,No,Negative,None,No Anemia detected. Maintain a healthy lifestyle. Consult a general physician if symptoms persist.
65,Male,Yes,No,No,No,No,No,Yes,Yes,Yes,Yes,No,Yes,Yes,Yes,Negative,None,No Anemia detected. Maintain a healthy lifestyle. Consult a general physician if symptoms persist.
70,Male,No,No,No,Yes,No,No,Yes,Yes,No,Yes,No,Yes,Yes,No,Negative,None,No Anemia detected. Maintain a healthy lifestyle. Consult a general physician if symptoms persist.
35,Male,No,No,No,Yes,No,No,No,No,No,No,No,No,No,No,Negative,None,No Anemia detected. Maintain a healthy lifestyle. Consult a general physician if symptoms persist.
54,Male,No,No,No,Yes,No,No,No,Yes,No,Yes,No,Yes,Yes,No,Negative,None,No Anemia detected. Maintain a healthy lifestyle. Consult a general physician if symptoms persist.
30,Male,No,No,No,No,No,No,No,No,No,No,No,No,No,No,Negative,None,No Anemia detected. Maintain a healthy lifestyle. Consult a general physician if symptoms persist.
46,Male,No,No,No,Yes,No,No,No,Yes,No,Yes,No,No,Yes,No,Negative,None,No Anemia detected. Maintain a healthy lifestyle. Consult a general physician if symptoms persist.
53,Male,No,No,No,Yes,Yes,No,Yes,Yes,No,Yes,Yes,Yes,Yes,No,Negative,None,No Anemia detected. Maintain a healthy lifestyle. Consult a general physician if symptoms persist.
42,Male,No,No,No,No,No,No,No,No,No,No,No,No,Yes,No,Negative,None,No Anemia detected. Maintain a healthy lifestyle. Consult a general physician if symptoms persist.
55,Female,Yes,Yes,Yes,Yes,No,No,Yes,No,No,No,Yes,No,No,Yes,Positive,Iron-deficiency,"Eat iron-rich food (leafy greens, meat), take iron supplements, avoid tea/coffee with meals, consult a hematologist."
48,Female,Yes,Yes,Yes,Yes,Yes,No,No,No,No,No,Yes,No,No,No,Positive,Pernicious Anemia,"Take B12 injections or supplements, eat B12-rich foods, regular follow-ups with a doctor."
55,Female,Yes,Yes,Yes,No,Yes,No,No,Yes,No,Yes,Yes,No,No,No,Positive,Iron-deficiency,"Eat iron-rich food (leafy greens, meat), take iron supplements, avoid tea/coffee with meals, consult a hematologist."
39,Female,Yes,Yes,Yes,Yes,Yes,No,No,Yes,Yes,Yes,Yes,No,No,No,Positive,Pernicious Anemia,"Take B12 injections or supplements, eat B12-rich foods, regular follow-ups with a doctor."
43,Female,Yes,Yes,Yes,Yes,Yes,No,Yes,No,No,No,Yes,Yes,No,Yes,Positive,Iron-deficiency,"Eat iron-rich food (leafy greens, meat), take iron supplements, avoid tea/coffee with meals, consult a hematologist."
35,Female,Yes,Yes,No,Yes,No,No,Yes,No,No,No,No,No,No,No,Positive,Pernicious Anemia,"Take B12 injections or supplements, eat B12-rich foods, regular follow-ups with a doctor."
47,Female,No,No,Yes,Yes,Yes,No,No,No,No,No,No,Yes,No,No,Positive,Iron-deficiency,"Eat iron-rich food (leafy greens, meat), take iron supplements, avoid tea/coffee with meals, consult a hematologist."
50,Female,Yes,Yes,No,Yes,Yes,No,No,No,No,Yes,Yes,No,No,No,Positive,Pernicious Anemia,"Take B12 injections or supplements, eat B12-rich foods, regular follow-ups with a doctor."
48,Female,Yes,Yes,No,Yes,No,No,Yes,Yes,No,Yes,Yes,No,No,No,Positive,Iron-deficiency,"Eat iron-rich food (leafy greens, meat), take iron supplements, avoid tea/coffee with meals, consult a hematologist."
35,Female,Yes,Yes,Yes,Yes,Yes,No,Yes,Yes,No,Yes,Yes,Yes,No,No,Positive,Pernicious Anemia,"Take B12 injections or supplements, eat B12-rich foods, regular follow-ups with a doctor."
62,Male,Yes,No,No,Yes,No,Yes,Yes,Yes,Yes,No,Yes,Yes,Yes,Yes,Positive,Iron-deficiency,"Eat iron-rich food (leafy greens, meat), take iron supplements, avoid tea/coffee with meals, consult a hematologist."
33,Male,No,Yes,No,No,No,No,No,No,No,No,No,No,No,No,Positive,Pernicious Anemia,"Take B12 injections or supplements, eat B12-rich foods, regular follow-ups with a doctor."
55,Male,Yes,Yes,Yes,Yes,No,Yes,No,No,Yes,No,Yes,No,No,No,Positive,Iron-deficiency,"Eat iron-rich food (leafy greens, meat), take iron supplements, avoid tea/coffee with meals, consult a hematologist."
48,Male,Yes,Yes,Yes,No,Yes,Yes,No,No,No,Yes,No,No,No,No,Positive,Pernicious Anemia,"Take B12 injections or supplements, eat B12-rich foods, regular follow-ups with a doctor."
56,Male,Yes,No,Yes,Yes,No,Yes,No,Yes,Yes,No,No,No,Yes,No,Positive,Iron-deficiency,"Eat iron-rich food (leafy greens, meat), take iron supplements, avoid tea/coffee with meals, consult a hematologist."
38,Female,Yes,Yes,Yes,Yes,Yes,No,Yes,Yes,Yes,Yes,Yes,Yes,No,No,Positive,Pernicious Anemia,"Take B12 injections or supplements, eat B12-rich foods, regular follow-ups with a doctor."
28,Female,No,No,No,No,No,No,Yes,No,No,No,Yes,Yes,No,No,Positive,Iron-deficiency,"Eat iron-rich food (leafy greens, meat), take iron supplements, avoid tea/coffee with meals, consult a hematologist."
68,Female,Yes,Yes,No,Yes,Yes,No,Yes,Yes,No,Yes,Yes,No,No,No,Positive,Pernicious Anemia,"Take B12 injections or supplements, eat B12-rich foods, regular follow-ups with a doctor."
35,Female,No,No,No,No,No,No,No,No,No,No,No,No,No,No,Positive,Iron-deficiency,"Eat iron-rich food (leafy greens, meat), take iron supplements, avoid tea/coffee with meals, consult a hematologist."
45,Female,No,No,No,No,Yes,No,Yes,Yes,No,No,Yes,No,No,No,Positive,Pernicious Anemia,"Take B12 injections or supplements, eat B12-rich foods, regular follow-ups with a doctor."
48,Female,Yes,Yes,Yes,Yes,Yes,No,Yes,Yes,Yes,Yes,Yes,Yes,No,No,Positive,Iron-deficiency,"Eat iron-rich food (leafy greens, meat), take iron supplements, avoid tea/coffee with meals, consult a hematologist."
40,Female,Yes,Yes,Yes,Yes,No,No,Yes,No,No,Yes,Yes,Yes,No,No,Positive,Pernicious Anemia,"Take B12 injections or supplements, eat B12-rich foods, regular follow-ups with a doctor."
57,Male,Yes,Yes,Yes,Yes,Yes,No,Yes,No,No,No,Yes,No,No,No,Positive,Iron-deficiency,"Eat iron-rich food (leafy greens, meat), take iron supplements, avoid tea/coffee with meals, consult a hematologist."
47,Male,No,No,No,No,No,No,No,Yes,No,No,No,No,Yes,No,Negative,None,No Anemia detected. Maintain a healthy lifestyle. Consult a general physician if symptoms persist.
45,Male,No,No,No,No,Yes,Yes,No,No,No,No,No,No,No,No,Negative,None,No Anemia detected. Maintain a healthy lifestyle. Consult a general physician if symptoms persist.
57,Male,No,No,No,No,Yes,No,Yes,No,No,No,No,Yes,No,No,Negative,None,No Anemia detected. Maintain a healthy lifestyle. Consult a general physician if symptoms persist.
72,Male,Yes,No,No,No,Yes,No,Yes,Yes,No,Yes,Yes,Yes,Yes,No,Negative,None,No Anemia detected. Maintain a healthy lifestyle. Consult a general physician if symptoms persist.
30,Male,No,No,No,No,No,No,No,No,No,No,No,No,No,No,Negative,None,No Anemia detected. Maintain a healthy lifestyle. Consult a general physician if symptoms persist.
27,Male,No,No,No,No,No,No,No,No,No,No,No,No,No,No,Negative,None,No Anemia detected. Maintain a healthy lifestyle. Consult a general physician if symptoms persist.
38,Male,No,No,No,No,No,No,No,No,No,No,No,No,No,No,Negative,None,No Anemia detected. Maintain a healthy lifestyle. Consult a general physician if symptoms persist.
43,Male,No,No,No,Yes,No,Yes,No,Yes,No,Yes,No,No,Yes,No,Negative,None,No Anemia detected. Maintain a healthy lifestyle. Consult a general physician if symptoms persist.
40,Male,No,No,Yes,No,No,No,No,No,No,No,No,No,No,Yes,Negative,None,No Anemia detected. Maintain a healthy lifestyle. Consult a general physician if symptoms persist.
47,Male,No,No,No,No,No,No,No,Yes,No,No,No,No,Yes,No,Negative,None,No Anemia detected. Maintain a healthy lifestyle. Consult a general physician if symptoms persist.
45,Male,No,No,No,No,Yes,Yes,No,No,No,No,No,No,No,No,Negative,None,No Anemia detected. Maintain a healthy lifestyle. Consult a general physician if symptoms persist.
57,Male,No,No,No,No,Yes,No,Yes,No,No,No,No,Yes,No,No,Negative,None,No Anemia detected. Maintain a healthy lifestyle. Consult a general physician if symptoms persist.
72,Male,Yes,No,No,No,Yes,No,Yes,Yes,No,Yes,Yes,Yes,Yes,No,Negative,None,No Anemia detected. Maintain a healthy lifestyle. Consult a general physician if symptoms persist.
30,Male,No,No,No,No,No,No,No,No,No,No,No,No,No,No,Negative,None,No Anemia detected. Maintain a healthy lifestyle. Consult a general physician if symptoms persist.
27,Male,No,No,No,No,No,No,No,No,No,No,No,No,No,No,Negative,None,No Anemia detected. Maintain a healthy lifestyle. Consult a general physician if symptoms persist.
38,Male,No,No,No,No,No,No,No,No,No,No,No,No,No,No,Negative,None,No Anemia detected. Maintain a healthy lifestyle. Consult a general physician if symptoms persist.
43,Male,No,No,No,Yes,No,Yes,No,Yes,No,Yes,No,No,Yes,No,Negative,None,No Anemia detected. Maintain a healthy lifestyle. Consult a general physician if symptoms persist.
40,Male,No,No,Yes,No,No,No,No,No,No,No,No,No,No,Yes,Negative,None,No Anemia detected. Maintain a healthy lifestyle. Consult a general physician if symptoms persist.
54,Male,No,No,No,Yes,No,No,No,Yes,No,Yes,No,Yes,Yes,No,Negative,None,No Anemia detected. Maintain a healthy lifestyle. Consult a general physician if symptoms persist.
30,Male,No,No,No,No,No,No,No,No,No,No,No,No,No,No,Negative,None,No Anemia detected. Maintain a healthy lifestyle. Consult a general physician if symptoms persist.
46,Male,No,No,No,Yes,No,No,No,Yes,No,Yes,No,No,Yes,No,Negative,None,No Anemia detected. Maintain a healthy lifestyle. Consult a general physician if symptoms persist.
53,Male,No,No,No,Yes,Yes,No,Yes,Yes,No,Yes,Yes,Yes,Yes,No,Negative,None,No Anemia detected. Maintain a healthy lifestyle. Consult a general physician if symptoms persist.
42,Male,No,No,No,No,No,No,No,No,No,No,No,No,Yes,No,Negative,None,No Anemia detected. Maintain a healthy lifestyle. Consult a general physician if symptoms persist.
55,Female,Yes,Yes,Yes,Yes,No,No,Yes,No,No,No,Yes,No,No,Yes,Positive,Pernicious Anemia,"Take B12 injections or supplements, eat B12-rich foods, regular follow-ups with a doctor."
48,Female,Yes,Yes,Yes,Yes,Yes,No,No,No,No,No,Yes,No,No,No,Positive,Iron-deficiency,"Eat iron-rich food (leafy greens, meat), take iron supplements, avoid tea/coffee with meals, consult a hematologist."
55,Female,Yes,Yes,Yes,No,Yes,No,No,Yes,No,Yes,Yes,No,No,No,Positive,Pernicious Anemia,"Take B12 injections or supplements, eat B12-rich foods, regular follow-ups with a doctor."
39,Female,Yes,Yes,Yes,Yes,Yes,No,No,Yes,Yes,Yes,Yes,No,No,No,Positive,Iron-deficiency,"Eat iron-rich food (leafy greens, meat), take iron supplements, avoid tea/coffee with meals, consult a hematologist."
43,Female,Yes,Yes,Yes,Yes,Yes,No,Yes,No,No,No,Yes,Yes,No,Yes,Positive,Pernicious Anemia,"Take B12 injections or supplements, eat B12-rich foods, regular follow-ups with a doctor."
35,Female,Yes,Yes,No,Yes,No,No,Yes,No,No,No,No,No,No,No,Positive,Iron-deficiency,"Eat iron-rich food (leafy greens, meat), take iron supplements, avoid tea/coffee with meals, consult a hematologist."
47,Female,No,No,Yes,Yes,Yes,No,No,No,No,No,No,Yes,No,No,Positive,Pernicious Anemia,"Take B12 injections or supplements, eat B12-rich foods, regular follow-ups with a doctor."
61,Female,Yes,No,No,No,Yes,No,No,No,Yes,No,No,No,Yes,No,Positive,Iron-deficiency,"Eat iron-rich food (leafy greens, meat), take iron supplements, avoid tea/coffee with meals, consult a hematologist."
58,Female,Yes,No,Yes,No,Yes,No,No,No,Yes,No,No,Yes,No,Yes,Positive,Pernicious Anemia,"Take B12 injections or supplements, eat B12-rich foods, regular follow-ups with a doctor."
69,Female,Yes,Yes,Yes,Yes,No,No,Yes,Yes,Yes,No,No,Yes,No,Yes,Positive,Iron-deficiency,"Eat iron-rich food (leafy greens, meat), take iron supplements, avoid tea/coffee with meals, consult a hematologist."
40,Male,No,Yes,Yes,Yes,No,No,Yes,Yes,No,No,Yes,Yes,No,No,Negative,None,No Anemia detected. Maintain a healthy lifestyle. Consult a general physician if symptoms persist.
28,Male,No,No,Yes,No,No,No,No,No,No,No,No,No,No,No,Negative,None,No Anemia detected. Maintain a healthy lifestyle. Consult a general physician if symptoms persist.
37,Male,No,No,No,No,No,No,No,No,No,No,No,No,No,No,Negative,None,No Anemia detected. Maintain a healthy lifestyle. Consult a general physician if symptoms persist.
34,Male,No,No,No,No,No,No,No,No,No,No,No,No,No,No,Negative,None,No Anemia detected. Maintain a healthy lifestyle. Consult a general physician if symptoms persist.
30,Male,No,No,No,No,No,No,No,No,No,No,No,No,No,No,Negative,None,No Anemia detected. Maintain a healthy lifestyle. Consult a general physician if symptoms persist.
67,Male,Yes,No,No,Yes,Yes,No,Yes,Yes,Yes,Yes,No,Yes,Yes,Yes,Negative,None,No Anemia detected. Maintain a healthy lifestyle. Consult a general physician if symptoms persist.
60,Male,No,No,No,Yes,No,No,No,No,No,No,Yes,Yes,No,No,Negative,None,No Anemia detected. Maintain a healthy lifestyle. Consult a general physician if symptoms persist.
58,Male,No,No,No,No,Yes,No,No,Yes,No,Yes,No,No,Yes,Yes,Negative,None,No Anemia detected. Maintain a healthy lifestyle. Consult a general physician if symptoms persist.
54,Male,No,No,Yes,Yes,No,Yes,No,No,No,Yes,No,No,Yes,No,Negative,None,No Anemia detected. Maintain a healthy lifestyle. Consult a general physician if symptoms persist.
43,Male,No,No,Yes,No,No,Yes,No,No,No,Yes,No,No,Yes,No,Negative,None,No Anemia detected. Maintain a healthy lifestyle. Consult a general physician if symptoms persist.
33,Female,No,No,No,No,No,No,No,No,No,No,No,No,No,No,Negative,None,No Anemia detected. Maintain a healthy lifestyle. Consult a general physician if symptoms persist.
55,Female,No,No,No,Yes,No,Yes,No,Yes,No,Yes,Yes,No,Yes,No,Negative,None,No Anemia detected. Maintain a healthy lifestyle. Consult a general physician if symptoms persist.
36,Female,No,No,No,Yes,No,No,No,No,Yes,No,No,No,No,No,Negative,None,No Anemia detected. Maintain a healthy lifestyle. Consult a general physician if symptoms persist.
28,Female,No,No,No,No,Yes,No,No,No,No,No,Yes,No,No,No,Negative,None,No Anemia detected. Maintain a healthy lifestyle. Consult a general physician if symptoms persist.
34,Female,No,No,Yes,No,No,No,No,No,No,No,No,No,No,No,Negative,None,No Anemia detected. Maintain a healthy lifestyle. Consult a general physician if symptoms persist.
65,Female,No,No,No,Yes,No,No,No,Yes,No,Yes,No,No,Yes,No,Negative,None,No Anemia detected. Maintain a healthy lifestyle. Consult a general physician if symptoms persist.
34,Female,No,No,No,No,No,No,No,No,No,No,No,No,No,No,Negative,None,No Anemia detected. Maintain a healthy lifestyle. Consult a general physician if symptoms persist.
64,Male,No,No,No,Yes,Yes,No,Yes,Yes,Yes,Yes,No,Yes,Yes,No,Negative,None,No Anemia detected. Maintain a healthy lifestyle. Consult a general physician if symptoms persist.
44,Male,Yes,No,Yes,Yes,No,Yes,No,Yes,No,Yes,No,No,Yes,Yes,Negative,None,No Anemia detected. Maintain a healthy lifestyle. Consult a general physician if symptoms persist.
36,Male,No,No,No,No,No,No,No,No,No,No,No,No,No,No,Negative,None,No Anemia detected. Maintain a healthy lifestyle. Consult a general physician if symptoms persist.
43,Male,No,No,No,Yes,No,Yes,No,Yes,No,No,No,No,Yes,No,Negative,None,No Anemia detected. Maintain a healthy lifestyle. Consult a general physician if symptoms persist.
53,Male,No,No,No,Yes,No,No,Yes,Yes,No,Yes,No,Yes,Yes,No,Negative,None,No Anemia detected. Maintain a healthy lifestyle. Consult a general physician if symptoms persist.
47,Male,No,No,No,No,No,No,No,No,Yes,No,Yes,No,No,Yes,Negative,None,No Anemia detected. Maintain a healthy lifestyle. Consult a general physician if symptoms persist.
58,Male,No,Yes,No,No,No,No,Yes,Yes,No,No,No,Yes,No,No,Negative,None,No Anemia detected. Maintain a healthy lifestyle. Consult a general physician if symptoms persist.
56,Male,No,No,Yes,Yes,Yes,No,Yes,Yes,No,Yes,No,Yes,Yes,No,Negative,None,No Anemia detected. Maintain a healthy lifestyle. Consult a general physician if symptoms persist.
51,Female,No,No,No,No,No,Yes,No,Yes,No,Yes,No,No,Yes,No,Negative,None,No Anemia detected. Maintain a healthy lifestyle. Consult a general physician if symptoms persist.
59,Female,No,No,No,Yes,No,No,Yes,Yes,No,Yes,No,Yes,Yes,Yes,Negative,None,No Anemia detected. Maintain a healthy lifestyle. Consult a general physician if symptoms persist.
50,Female,No,No,No,Yes,No,No,Yes,Yes,No,Yes,No,No,Yes,No,Negative,None,No Anemia detected. Maintain a healthy lifestyle. Consult a general physician if symptoms persist.
30,Male,No,No,No,No,No,No,No,No,No,No,No,No,No,No,Negative,None,No Anemia detected. Maintain a healthy lifestyle. Consult a general physician if symptoms persist.
46,Male,No,No,No,Yes,No,No,No,Yes,No,Yes,No,No,Yes,No,Negative,None,No Anemia detected. Maintain a healthy lifestyle. Consult a general physician if symptoms persist.
53,Male,No,No,No,Yes,Yes,No,Yes,Yes,No,Yes,Yes,Yes,Yes,No,Negative,None,No Anemia detected. Maintain a healthy lifestyle. Consult a general physician if symptoms persist.
42,Male,No,No,No,No,No,No,No,No,No,No,No,No,Yes,No,Negative,None,No Anemia detected. Maintain a healthy lifestyle. Consult a general physician if symptoms persist.
55,Female,Yes,Yes,Yes,Yes,No,No,Yes,No,No,No,Yes,No,No,Yes,Positive,Pernicious Anemia,"Take B12 injections or supplements, eat B12-rich foods, regular follow-ups with a doctor."
48,Female,Yes,Yes,Yes,Yes,Yes,No,No,No,No,No,Yes,No,No,No,Positive,Iron-deficiency,"Eat iron-rich food (leafy greens, meat), take iron supplements, avoid tea/coffee with meals, consult a hematologist."
55,Female,Yes,Yes,Yes,No,Yes,No,No,Yes,No,Yes,Yes,No,No,No,Positive,Pernicious Anemia,"Take B12 injections or supplements, eat B12-rich foods, regular follow-ups with a doctor."
39,Female,Yes,Yes,Yes,Yes,Yes,No,No,Yes,Yes,Yes,Yes,No,No,No,Positive,Iron-deficiency,"Eat iron-rich food (leafy greens, meat), take iron supplements, avoid tea/coffee with meals, consult a hematologist."
43,Female,Yes,Yes,Yes,Yes,Yes,No,Yes,No,No,No,Yes,Yes,No,Yes,Positive,Pernicious Anemia,"Take B12 injections or supplements, eat B12-rich foods, regular follow-ups with a doctor."
35,Female,Yes,Yes,No,Yes,No,No,Yes,No,No,No,No,No,No,No,Positive,Iron-deficiency,"Eat iron-rich food (leafy greens, meat), take iron supplements, avoid tea/coffee with meals, consult a hematologist."
47,Female,No,No,Yes,Yes,Yes,No,No,No,No,No,No,Yes,No,No,Positive,Pernicious Anemia,"Take B12 injections or supplements, eat B12-rich foods, regular follow-ups with a doctor."
61,Female,Yes,No,No,No,Yes,No,No,No,Yes,No,No,No,Yes,No,Positive,Iron-deficiency,"Eat iron-rich food (leafy greens, meat), take iron supplements, avoid tea/coffee with meals, consult a hematologist."
58,Female,Yes,No,Yes,No,Yes,No,No,No,Yes,No,No,Yes,No,Yes,Positive,Pernicious Anemia,"Take B12 injections or supplements, eat B12-rich foods, regular follow-ups with a doctor."
69,Female,Yes,Yes,Yes,Yes,No,No,Yes,Yes,Yes,No,No,Yes,No,Yes,Positive,Iron-deficiency,"Eat iron-rich food (leafy greens, meat), take iron supplements, avoid tea/coffee with meals, consult a hematologist."
40,Male,No,Yes,Yes,Yes,No,No,Yes,Yes,No,No,Yes,Yes,No,No,Negative,None,No Anemia detected. Maintain a healthy lifestyle. Consult a general physician if symptoms persist.
28,Male,No,No,Yes,No,No,No,No,No,No,No,No,No,No,No,Negative,None,No Anemia detected. Maintain a healthy lifestyle. Consult a general physician if symptoms persist.
37,Male,No,No,No,No,No,No,No,No,No,No,No,No,No,No,Negative,None,No Anemia detected. Maintain a healthy lifestyle. Consult a general physician if symptoms persist.
34,Male,No,No,No,No,No,No,No,No,No,No,No,No,No,No,Negative,None,No Anemia detected. Maintain a healthy lifestyle. Consult a general physician if symptoms persist.
30,Male,No,No,No,No,No,No,No,No,No,No,No,No,No,No,Negative,None,No Anemia detected. Maintain a healthy lifestyle. Consult a general physician if symptoms persist.
67,Male,Yes,No,No,Yes,Yes,No,Yes,Yes,Yes,Yes,No,Yes,Yes,Yes,Negative,None,No Anemia detected. Maintain a healthy lifestyle. Consult a general physician if symptoms persist.
60,Male,No,No,No,Yes,No,No,No,No,No,No,Yes,Yes,No,No,Negative,None,No Anemia detected. Maintain a healthy lifestyle. Consult a general physician if symptoms persist.
58,Male,No,No,No,No,Yes,No,No,Yes,No,Yes,No,No,Yes,Yes,Negative,None,No Anemia detected. Maintain a healthy lifestyle. Consult a general physician if symptoms persist.
54,Male,No,No,Yes,Yes,No,Yes,No,No,No,Yes,No,No,Yes,No,Negative,None,No Anemia detected. Maintain a healthy lifestyle. Consult a general physician if symptoms persist.
43,Male,No,No,Yes,No,No,Yes,No,No,No,Yes,No,No,Yes,No,Negative,None,No Anemia detected. Maintain a healthy lifestyle. Consult a general physician if symptoms persist.
33,Female,No,No,No,No,No,No,No,No,No,No,No,No,No,No,Negative,None,No Anemia detected. Maintain a healthy lifestyle. Consult a general physician if symptoms persist.
55,Male,Yes,Yes,Yes,Yes,No,Yes,No,No,Yes,No,Yes,No,No,No,Positive,Pernicious Anemia,"Take B12 injections or supplements, eat B12-rich foods, regular follow-ups with a doctor."
48,Male,Yes,Yes,Yes,No,Yes,Yes,No,No,No,Yes,No,No,No,No,Positive,Iron-deficiency,"Eat iron-rich food (leafy greens, meat), take iron supplements, avoid tea/coffee with meals, consult a hematologist."
56,Male,Yes,No,Yes,Yes,No,Yes,No,Yes,Yes,No,No,No,Yes,No,Positive,Pernicious Anemia,"Take B12 injections or supplements, eat B12-rich foods, regular follow-ups with a doctor."
38,Female,Yes,Yes,Yes,Yes,Yes,No,Yes,Yes,Yes,Yes,Yes,Yes,No,No,Positive,Iron-deficiency,"Eat iron-rich food (leafy greens, meat), take iron supplements, avoid tea/coffee with meals, consult a hematologist."
28,Female,No,No,No,No,No,No,Yes,No,No,No,Yes,Yes,No,No,Positive,Pernicious Anemia,"Take B12 injections or supplements, eat B12-rich foods, regular follow-ups with a doctor."
68,Female,Yes,Yes,No,Yes,Yes,No,Yes,Yes,No,Yes,Yes,No,No,No,Positive,Iron-deficiency,"Eat iron-rich food (leafy greens, meat), take iron supplements, avoid tea/coffee with meals, consult a hematologist."
35,Female,No,No,No,No,No,No,No,No,No,No,No,No,No,No,Positive,Pernicious Anemia,"Take B12 injections or supplements, eat B12-rich foods, regular follow-ups with a doctor."
45,Female,No,No,No,No,Yes,No,Yes,Yes,No,No,Yes,No,No,No,Positive,Iron-deficiency,"Eat iron-rich food (leafy greens, meat), take iron supplements, avoid tea/coffee with meals, consult a hematologist."
48,Female,Yes,Yes,Yes,Yes,Yes,No,Yes,Yes,Yes,Yes,Yes,Yes,No,No,Positive,Pernicious Anemia,"Take B12 injections or supplements, eat B12-rich foods, regular follow-ups with a doctor."
40,Female,Yes,Yes,Yes,Yes,No,No,Yes,No,No,Yes,Yes,Yes,No,No,Positive,Iron-deficiency,"Eat iron-rich food (leafy greens, meat), take iron supplements, avoid tea/coffee with meals, consult a hematologist."
57,Male,Yes,Yes,Yes,Yes,Yes,No,Yes,No,No,No,Yes,No,No,No,Positive,Pernicious Anemia,"Take B12 injections or supplements, eat B12-rich foods, regular follow-ups with a doctor."
47,Male,No,No,No,No,No,No,No,Yes,No,No,No,No,Yes,No,Negative,None,No Anemia detected. Maintain a healthy lifestyle. Consult a general physician if symptoms persist.
45,Male,No,No,No,No,Yes,Yes,No,No,No,No,No,No,No,No,Negative,None,No Anemia detected. Maintain a healthy lifestyle. Consult a general physician if symptoms persist.
57,Male,No,No,No,No,Yes,No,Yes,No,No,No,No,Yes,No,No,Negative,None,No Anemia detected. Maintain a healthy lifestyle. Consult a general physician if symptoms persist.
72,Male,Yes,No,No,No,Yes,No,Yes,Yes,No,Yes,Yes,Yes,Yes,No,Negative,None,No Anemia detected. Maintain a healthy lifestyle. Consult a general physician if symptoms persist.
30,Male,No,No,No,No,No,No,No,No,No,No,No,No,No,No,Negative,None,No Anemia detected. Maintain a healthy lifestyle. Consult a general physician if symptoms persist.
27,Male,No,No,No,No,No,No,No,No,No,No,No,No,No,No,Negative,None,No Anemia detected. Maintain a healthy lifestyle. Consult a general physician if symptoms persist.
38,Male,No,No,No,No,No,No,No,No,No,No,No,No,No,No,Negative,None,No Anemia detected. Maintain a healthy lifestyle. Consult a general physician if symptoms persist.
43,Male,No,No,No,Yes,No,Yes,No,Yes,No,Yes,No,No,Yes,No,Negative,None,No Anemia detected. Maintain a healthy lifestyle. Consult a general physician if symptoms persist.
40,Male,No,No,Yes,No,No,No,No,No,No,No,No,No,No,Yes,Negative,None,No Anemia detected. Maintain a healthy lifestyle. Consult a general physician if symptoms persist.
47,Male,Yes,Yes,No,No,No,No,No,No,No,No,No,Yes,No,No,Positive,Iron-deficiency,"Eat iron-rich food (leafy greens, meat), take iron supplements, avoid tea/coffee with meals, consult a hematologist."
62,Male,Yes,Yes,No,No,Yes,No,Yes,No,Yes,Yes,Yes,No,Yes,No,Positive,Pernicious Anemia,"Take B12 injections or supplements, eat B12-rich foods, regular follow-ups with a doctor."
49,Male,Yes,Yes,Yes,No,No,No,No,Yes,No,No,No,No,No,No,Positive,Iron-deficiency,"Eat iron-rich food (leafy greens, meat), take iron supplements, avoid tea/coffee with meals, consult a hematologist."
53,Male,Yes,No,Yes,No,No,No,No,No,No,Yes,Yes,No,No,No,Positive,Pernicious Anemia,"Take B12 injections or supplements, eat B12-rich foods, regular follow-ups with a doctor."
68,Male,Yes,Yes,No,No,Yes,No,Yes,Yes,Yes,No,Yes,No,No,No,Positive,Iron-deficiency,"Eat iron-rich food (leafy greens, meat), take iron supplements, avoid tea/coffee with meals, consult a hematologist."
61,Male,Yes,No,No,Yes,Yes,Yes,Yes,Yes,Yes,Yes,Yes,No,No,No,Positive,Pernicious Anemia,"Take B12 injections or supplements, eat B12-rich foods, regular follow-ups with a doctor."
39,Male,Yes,Yes,No,No,No,Yes,No,Yes,No,No,No,Yes,No,Yes,Positive,Iron-deficiency,"Eat iron-rich food (leafy greens, meat), take iron supplements, avoid tea/coffee with meals, consult a hematologist."
38,Male,Yes,No,No,No,No,Yes,No,Yes,No,No,No,Yes,No,Yes,Positive,Pernicious Anemia,"Take B12 injections or supplements, eat B12-rich foods, regular follow-ups with a doctor."
44,Male,Yes,No,Yes,Yes,No,Yes,No,Yes,No,Yes,No,No,Yes,Yes,Negative,None,No Anemia detected. Maintain a healthy lifestyle. Consult a general physician if symptoms persist.
36,Male,No,No,No,No,No,No,No,No,No,No,No,No,No,No,Negative,None,No Anemia detected. Maintain a healthy lifestyle. Consult a general physician if symptoms persist.
43,Male,No,No,No,Yes,No,Yes,No,Yes,No,No,No,No,Yes,No,Negative,None,No Anemia detected. Maintain a healthy lifestyle. Consult a general physician if symptoms persist.
53,Male,No,No,No,Yes,No,No,Yes,Yes,No,Yes,No,Yes,Yes,No,Negative,None,No Anemia detected. Maintain a healthy lifestyle. Consult a general physician if symptoms persist.
47,Male,No,No,No,No,No,No,No,No,Yes,No,Yes,No,No,Yes,Negative,None,No Anemia detected. Maintain a healthy lifestyle. Consult a general physician if symptoms persist.
58,Male,No,Yes,No,No,No,No,Yes,Yes,No,No,No,Yes,No,No,Negative,None,No Anemia detected. Maintain a healthy lifestyle. Consult a general physician if symptoms persist.
56,Male,No,No,Yes,Yes,Yes,No,Yes,Yes,No,Yes,No,Yes,Yes,No,Negative,None,No Anemia detected. Maintain a healthy lifestyle. Consult a general physician if symptoms persist.
51,Female,No,No,No,No,No,Yes,No,Yes,No,Yes,No,No,Yes,No,Negative,None,No Anemia detected. Maintain a healthy lifestyle. Consult a general physician if symptoms persist.
59,Female,No,No,No,Yes,No,No,Yes,Yes,No,Yes,No,Yes,Yes,Yes,Negative,None,No Anemia detected. Maintain a healthy lifestyle. Consult a general physician if symptoms persist.
50,Female,No,No,No,Yes,No,No,Yes,Yes,No,Yes,No,No,Yes,No,Negative,None,No Anemia detected. Maintain a healthy lifestyle. Consult a general physician if symptoms persist.
30,Male,No,No,No,No,No,No,No,No,No,No,No,No,No,No,Negative,None,No Anemia detected. Maintain a healthy lifestyle. Consult a general physician if symptoms persist.
46,Male,No,No,No,Yes,No,No,No,Yes,No,Yes,No,No,Yes,No,Negative,None,No Anemia detected. Maintain a healthy lifestyle. Consult a general physician if symptoms persist.
53,Male,No,No,No,Yes,Yes,No,Yes,Yes,No,Yes,Yes,Yes,Yes,No,Negative,None,No Anemia detected. Maintain a healthy lifestyle. Consult a general physician if symptoms persist.
64,Male,No,No,No,Yes,Yes,No,Yes,Yes,Yes,Yes,No,Yes,Yes,No,Negative,None,No Anemia detected. Maintain a healthy lifestyle. Consult a general physician if symptoms persist.
44,Male,Yes,No,Yes,Yes,No,Yes,No,Yes,No,Yes,No,No,Yes,Yes,Negative,None,No Anemia detected. Maintain a healthy lifestyle. Consult a general physician if symptoms persist.
36,Male,No,No,No,No,No,No,No,No,No,No,No,No,No,No,Negative,None,No Anemia detected. Maintain a healthy lifestyle. Consult a general physician if symptoms persist.
43,Male,No,No,No,Yes,No,Yes,No,Yes,No,No,No,No,Yes,No,Negative,None,No Anemia detected. Maintain a healthy lifestyle. Consult a general physician if symptoms persist.
53,Male,No,No,No,Yes,No,No,Yes,Yes,No,Yes,No,Yes,Yes,No,Negative,None,No Anemia detected. Maintain a healthy lifestyle. Consult a general physician if symptoms persist.
47,Male,No,No,No,No,No,No,No,No,Yes,No,Yes,No,No,Yes,Negative,None,No Anemia detected. Maintain a healthy lifestyle. Consult a general physician if symptoms persist.
58,Male,No,Yes,No,No,No,No,Yes,Yes,No,No,No,Yes,No,No,Negative,None,No Anemia detected. Maintain a healthy lifestyle. Consult a general physician if symptoms persist.
56,Male,No,No,Yes,Yes,Yes,No,Yes,Yes,No,Yes,No,Yes,Yes,No,Negative,None,No Anemia detected. Maintain a healthy lifestyle. Consult a general physician if symptoms persist.
51,Female,No,No,No,No,No,Yes,No,Yes,No,Yes,No,No,Yes,No,Negative,None,No Anemia detected. Maintain a healthy lifestyle. Consult a general physician if symptoms persist.
59,Female,No,No,No,Yes,No,No,Yes,Yes,No,Yes,No,Yes,Yes,Yes,Negative,None,No Anemia detected. Maintain a healthy lifestyle. Consult a general physician if symptoms persist.
50,Female,No,No,No,Yes,No,No,Yes,Yes,No,Yes,No,No,Yes,No,Negative,None,No Anemia detected. Maintain a healthy lifestyle. Consult a general physician if symptoms persist.
30,Male,No,No,No,No,No,No,No,No,No,No,No,No,No,No,Negative,None,No Anemia detected. Maintain a healthy lifestyle. Consult a general physician if symptoms persist.
46,Male,No,No,No,Yes,No,No,No,Yes,No,Yes,No,No,Yes,No,Negative,None,No Anemia detected. Maintain a healthy lifestyle. Consult a general physician if symptoms persist.
53,Male,No,No,No,Yes,Yes,No,Yes,Yes,No,Yes,Yes,Yes,Yes,No,Negative,None,No Anemia detected. Maintain a healthy lifestyle. Consult a general physician if symptoms persist.
42,Male,No,No,No,No,No,No,No,No,No,No,No,No,Yes,No,Negative,None,No Anemia detected. Maintain a healthy lifestyle. Consult a general physician if symptoms persist.
55,Female,Yes,Yes,Yes,Yes,No,No,Yes,No,No,No,Yes,No,No,Yes,Positive,Iron-deficiency,"Eat iron-rich food (leafy greens, meat), take iron supplements, avoid tea/coffee with meals, consult a hematologist."
48,Female,Yes,Yes,Yes,Yes,Yes,No,No,No,No,No,Yes,No,No,No,Positive,Pernicious Anemia,"Take B12 injections or supplements, eat B12-rich foods, regular follow-ups with a doctor."
55,Female,Yes,Yes,Yes,No,Yes,No,No,Yes,No,Yes,Yes,No,No,No,Positive,Iron-deficiency,"Eat iron-rich food (leafy greens, meat), take iron supplements, avoid tea/coffee with meals, consult a hematologist."
39,Female,Yes,Yes,Yes,Yes,Yes,No,No,Yes,Yes,Yes,Yes,No,No,No,Positive,Pernicious Anemia,"Take B12 injections or supplements, eat B12-rich foods, regular follow-ups with a doctor."
43,Female,Yes,Yes,Yes,Yes,Yes,No,Yes,No,No,No,Yes,Yes,No,Yes,Positive,Iron-deficiency,"Eat iron-rich food (leafy greens, meat), take iron supplements, avoid tea/coffee with meals, consult a hematologist."
35,Female,Yes,Yes,No,Yes,No,No,Yes,No,No,No,No,No,No,No,Positive,Pernicious Anemia,"Take B12 injections or supplements, eat B12-rich foods, regular follow-ups with a doctor."
47,Female,No,No,Yes,Yes,Yes,No,No,No,No,No,No,Yes,No,No,Positive,Iron-deficiency,"Eat iron-rich food (leafy greens, meat), take iron supplements, avoid tea/coffee with meals, consult a hematologist."
61,Female,Yes,No,No,No,Yes,No,No,No,Yes,No,No,No,Yes,No,Positive,Pernicious Anemia,"Take B12 injections or supplements, eat B12-rich foods, regular follow-ups with a doctor."
67,Male,No,Yes,No,Yes,Yes,No,Yes,No,Yes,Yes,Yes,Yes,Yes,Yes,Positive,Iron-deficiency,"Eat iron-rich food (leafy greens, meat), take iron supplements, avoid tea/coffee with meals, consult a hematologist."
66,Male,Yes,Yes,No,Yes,Yes,No,Yes,No,No,No,Yes,Yes,No,No,Positive,Pernicious Anemia,"Take B12 injections or supplements, eat B12-rich foods, regular follow-ups with a doctor."
43,Male,Yes,Yes,Yes,Yes,No,Yes,No,No,No,No,No,No,No,No,Positive,Iron-deficiency,"Eat iron-rich food (leafy greens, meat), take iron supplements, avoid tea/coffee with meals, consult a hematologist."
62,Male,Yes,Yes,No,Yes,Yes,No,Yes,No,Yes,No,Yes,Yes,No,No,Positive,Pernicious Anemia,"Take B12 injections or supplements, eat B12-rich foods, regular follow-ups with a doctor."
54,Male,Yes,Yes,Yes,Yes,Yes,Yes,Yes,Yes,No,Yes,No,Yes,Yes,No,Positive,Iron-deficiency,"Eat iron-rich food (leafy greens, meat), take iron supplements, avoid tea/coffee with meals, consult a hematologist."
39,Male,Yes,No,Yes,No,No,Yes,No,Yes,Yes,No,No,No,Yes,No,Positive,Pernicious Anemia,"Take B12 injections or supplements, eat B12-rich foods, regular follow-ups with a doctor."
48,Male,No,Yes,Yes,Yes,No,No,Yes,Yes,Yes,Yes,No,No,No,No,Positive,Iron-deficiency,"Eat iron-rich food (leafy greens, meat), take iron supplements, avoid tea/coffee with meals, consult a hematologist."
58,Male,Yes,Yes,Yes,Yes,Yes,No,Yes,No,No,Yes,Yes,Yes,No,Yes,Positive,Pernicious Anemia,"Take B12 injections or supplements, eat B12-rich foods, regular follow-ups with a doctor."
32,Male,No,No,No,No,No,Yes,No,No,Yes,Yes,No,No,No,Yes,Positive,Iron-deficiency,"Eat iron-rich food (leafy greens, meat), take iron supplements, avoid tea/coffee with meals, consult a hematologist."
42,Male,No,No,No,Yes,Yes,No,No,No,Yes,No,No,Yes,No,No,Positive,Pernicious Anemia,"Take B12 injections or supplements, eat B12-rich foods, regular follow-ups with a doctor."
52,Male,Yes,Yes,Yes,Yes,Yes,No,Yes,Yes,No,Yes,Yes,Yes,No,No,Positive,Iron-deficiency,"Eat iron-rich food (leafy greens, meat), take iron supplements, avoid tea/coffee with meals, consult a hematologist."
38,Male,No,Yes,No,No,No,Yes,No,No,No,No,No,No,Yes,No,Positive,Pernicious Anemia,"Take B12 injections or supplements, eat B12-rich foods, regular follow-ups with a doctor."
53,Male,Yes,Yes,Yes,Yes,Yes,No,Yes,No,Yes,No,Yes,No,Yes,No,Positive,Iron-deficiency,"Eat iron-rich food (leafy greens, meat), take iron supplements, avoid tea/coffee with meals, consult a hematologist."
57,Male,Yes,Yes,Yes,Yes,Yes,No,Yes,No,No,No,Yes,No,No,No,Positive,Pernicious Anemia,"Take B12 injections or supplements, eat B12-rich foods, regular follow-ups with a doctor."
41,Male,Yes,Yes,Yes,Yes,Yes,Yes,Yes,Yes,Yes,No,No,No,No,Yes,Positive,Iron-deficiency,"Eat iron-rich food (leafy greens, meat), take iron supplements, avoid tea/coffee with meals, consult a hematologist."
37,Male,No,No,No,Yes,No,No,No,No,No,Yes,No,No,Yes,No,Positive,Pernicious Anemia,"Take B12 injections or supplements, eat B12-rich foods, regular follow-ups with a doctor."
54,Male,Yes,Yes,Yes,Yes,No,No,Yes,Yes,Yes,Yes,Yes,Yes,No,No,Positive,Iron-deficiency,"Eat iron-rich food (leafy greens, meat), take iron supplements, avoid tea/coffee with meals, consult a hematologist."
49,Male,Yes,Yes,No,Yes,No,No,Yes,Yes,No,No,No,No,No,No,Positive,Pernicious Anemia,"Take B12 injections or supplements, eat B12-rich foods, regular follow-ups with a doctor."
48,Male,Yes,Yes,No,Yes,No,Yes,Yes,Yes,No,No,No,No,No,No,Positive,Iron-deficiency,"Eat iron-rich food (leafy greens, meat), take iron supplements, avoid tea/coffee with meals, consult a hematologist."
60,Male,Yes,No,No,No,No,No,Yes,No,No,No,Yes,No,Yes,No,Positive,Pernicious Anemia,"Take B12 injections or supplements, eat B12-rich foods, regular follow-ups with a doctor."
63,Male,Yes,Yes,Yes,Yes,Yes,No,Yes,No,No,No,No,Yes,Yes,Yes,Positive,Iron-deficiency,"Eat iron-rich food (leafy greens, meat), take iron supplements, avoid tea/coffee with meals, consult a hematologist."
35,Male,Yes,No,Yes,No,No,No,No,No,No,No,Yes,No,Yes,No,Positive,Pernicious Anemia,"Take B12 injections or supplements, eat B12-rich foods, regular follow-ups with a doctor."
30,Female,Yes,No,Yes,Yes,Yes,No,No,No,No,Yes,No,No,No,No,Positive,Iron-deficiency,"Eat iron-rich food (leafy greens, meat), take iron supplements, avoid tea/coffee with meals, consult a hematologist."
53,Female,No,Yes,Yes,No,Yes,Yes,Yes,Yes,Yes,Yes,No,Yes,No,No,Positive,Pernicious Anemia,"Take B12 injections or supplements, eat B12-rich foods, regular follow-ups with a doctor."
50,Female,Yes,Yes,Yes,No,Yes,No,No,No,No,Yes,Yes,No,No,No,Positive,Iron-deficiency,"Eat iron-rich food (leafy greens, meat), take iron supplements, avoid tea/coffee with meals, consult a hematologist."
50,Female,No,Yes,No,Yes,Yes,No,Yes,Yes,Yes,Yes,Yes,Yes,No,No,Positive,Pernicious Anemia,"Take B12 injections or supplements, eat B12-rich foods, regular follow-ups with a doctor."
35,Female,Yes,Yes,Yes,Yes,Yes,No,No,Yes,No,Yes,Yes,Yes,No,No,Positive,Iron-deficiency,"Eat iron-rich food (leafy greens, meat), take iron supplements, avoid tea/coffee with meals, consult a hematologist."
40,Female,Yes,Yes,Yes,Yes,No,No,Yes,Yes,No,No,Yes,Yes,No,No,Positive,Pernicious Anemia,"Take B12 injections or supplements, eat B12-rich foods, regular follow-ups with a doctor."
48,Female,No,No,Yes,Yes,No,No,Yes,Yes,No,Yes,Yes,No,No,No,Positive,Iron-deficiency,"Eat iron-rich food (leafy greens, meat), take iron supplements, avoid tea/coffee with meals, consult a hematologist."
60,Female,Yes,Yes,Yes,Yes,Yes,No,Yes,Yes,No,Yes,Yes,Yes,No,Yes,Positive,Pernicious Anemia,"Take B12 injections or supplements, eat B12-rich foods, regular follow-ups with a doctor."
38,Female,Yes,Yes,Yes,Yes,Yes,No,Yes,Yes,Yes,Yes,Yes,Yes,No,No,Positive,Iron-deficiency,"Eat iron-rich food (leafy greens, meat), take iron supplements, avoid tea/coffee with meals, consult a hematologist."
28,Female,No,No,No,No,No,No,Yes,No,No,No,Yes,Yes,No,No,Positive,Pernicious Anemia,"Take B12 injections or supplements, eat B12-rich foods, regular follow-ups with a doctor."
68,Female,Yes,Yes,No,Yes,Yes,No,Yes,Yes,No,Yes,Yes,No,No,No,Positive,Iron-deficiency,"Eat iron-rich food (leafy greens, meat), take iron supplements, avoid tea/coffee with meals, consult a hematologist."
35,Female,No,No,No,No,No,No,No,No,No,No,No,No,No,No,Positive,Pernicious Anemia,"Take B12 injections or supplements, eat B12-rich foods, regular follow-ups with a doctor."
45,Female,No,No,No,No,Yes,No,Yes,Yes,No,No,Yes,No,No,No,Positive,Iron-deficiency,"Eat iron-rich food (leafy greens, meat), take iron supplements, avoid tea/coffee with meals, consult a hematologist."
48,Female,Yes,Yes,Yes,Yes,Yes,No,Yes,Yes,Yes,Yes,Yes,Yes,No,No,Positive,Pernicious Anemia,"Take B12 injections or supplements, eat B12-rich foods, regular follow-ups with a doctor."
40,Female,Yes,Yes,Yes,Yes,No,No,Yes,No,No,Yes,Yes,Yes,No,No,Positive,Iron-deficiency,"Eat iron-rich food (leafy greens, meat), take iron supplements, avoid tea/coffee with meals, consult a hematologist."
57,Male,Yes,Yes,Yes,Yes,Yes,No,Yes,No,No,No,Yes,No,No,No,Positive,Pernicious Anemia,"Take B12 injections or supplements, eat B12-rich foods, regular follow-ups with a doctor."
47,Male,No,No,No,No,No,No,No,Yes,No,No,No,No,Yes,No,Negative,None,No Anemia detected. Maintain a healthy lifestyle. Consult a general physician if symptoms persist.
45,Male,No,No,No,No,Yes,Yes,No,No,No,No,No,No,No,No,Negative,None,No Anemia detected. Maintain a healthy lifestyle. Consult a general physician if symptoms persist.
57,Male,No,No,No,No,Yes,No,Yes,No,No,No,No,Yes,No,No,Negative,None,No Anemia detected. Maintain a healthy lifestyle. Consult a general physician if symptoms persist.
72,Male,Yes,No,No,No,Yes,No,Yes,Yes,No,Yes,Yes,Yes,Yes,No,Negative,None,No Anemia detected. Maintain a healthy lifestyle. Consult a general physician if symptoms persist.
30,Male,No,No,No,No,No,No,No,No,No,No,No,No,No,No,Negative,None,No Anemia detected. Maintain a healthy lifestyle. Consult a general physician if symptoms persist.
27,Male,No,No,No,No,No,No,No,No,No,No,No,No,No,No,Negative,None,No Anemia detected. Maintain a healthy lifestyle. Consult a general physician if symptoms persist.
38,Male,No,No,No,No,No,No,No,No,No,No,No,No,No,No,Negative,None,No Anemia detected. Maintain a healthy lifestyle. Consult a general physician if symptoms persist.
43,Male,No,No,No,Yes,No,Yes,No,Yes,No,Yes,No,No,Yes,No,Negative,None,No Anemia detected. Maintain a healthy lifestyle. Consult a general physician if symptoms persist.
40,Male,No,No,Yes,No,No,No,No,No,No,No,No,No,No,Yes,Negative,None,No Anemia detected. Maintain a healthy lifestyle. Consult a general physician if symptoms persist.
47,Male,No,No,No,No,No,No,No,Yes,No,No,No,No,Yes,No,Negative,None,No Anemia detected. Maintain a healthy lifestyle. Consult a general physician if symptoms persist.
45,Male,No,No,No,No,Yes,Yes,No,No,No,No,No,No,No,No,Negative,None,No Anemia detected. Maintain a healthy lifestyle. Consult a general physician if symptoms persist.
57,Male,No,No,No,No,Yes,No,Yes,No,No,No,No,Yes,No,No,Negative,None,No Anemia detected. Maintain a healthy lifestyle. Consult a general physician if symptoms persist.
72,Male,Yes,No,No,No,Yes,No,Yes,Yes,No,Yes,Yes,Yes,Yes,No,Negative,None,No Anemia detected. Maintain a healthy lifestyle. Consult a general physician if symptoms persist.
30,Male,No,No,No,No,No,No,No,No,No,No,No,No,No,No,Negative,None,No Anemia detected. Maintain a healthy lifestyle. Consult a general physician if symptoms persist.
27,Male,No,No,No,No,No,No,No,No,No,No,No,No,No,No,Negative,None,No Anemia detected. Maintain a healthy lifestyle. Consult a general physician if symptoms persist.
38,Male,No,No,No,No,No,No,No,No,No,No,No,No,No,No,Negative,None,No Anemia detected. Maintain a healthy lifestyle. Consult a general physician if symptoms persist.
43,Male,No,No,No,Yes,No,Yes,No,Yes,No,Yes,No,No,Yes,No,Negative,None,No Anemia detected. Maintain a healthy lifestyle. Consult a general physician if symptoms persist.
40,Male,No,No,Yes,No,No,No,No,No,No,No,No,No,No,Yes,Negative,None,No Anemia detected. Maintain a healthy lifestyle. Consult a general physician if symptoms persist.
54,Male,No,No,No,Yes,No,No,No,Yes,No,Yes,No,Yes,Yes,No,Negative,None,No Anemia detected. Maintain a healthy lifestyle. Consult a general physician if symptoms persist.
30,Male,No,No,No,No,No,No,No,No,No,No,No,No,No,No,Negative,None,No Anemia detected. Maintain a healthy lifestyle. Consult a general physician if symptoms persist.
46,Male,No,No,No,Yes,No,No,No,Yes,No,Yes,No,No,Yes,No,Negative,None,No Anemia detected. Maintain a healthy lifestyle. Consult a general physician if symptoms persist.
53,Male,No,No,No,Yes,Yes,No,Yes,Yes,No,Yes,Yes,Yes,Yes,No,Negative,None,No Anemia detected. Maintain a healthy lifestyle. Consult a general physician if symptoms persist.
42,Male,No,No,No,No,No,No,No,No,No,No,No,No,Yes,No,Negative,None,No Anemia detected. Maintain a healthy lifestyle. Consult a general physician if symptoms persist.
55,Female,Yes,Yes,Yes,Yes,No,No,Yes,No,No,No,Yes,No,No,Yes,Positive,Iron-deficiency,"Eat iron-rich food (leafy greens, meat), take iron supplements, avoid tea/coffee with meals, consult a hematologist."
48,Female,Yes,Yes,Yes,Yes,Yes,No,No,No,No,No,Yes,No,No,No,Positive,Pernicious Anemia,"Take B12 injections or supplements, eat B12-rich foods, regular follow-ups with a doctor."
55,Female,Yes,Yes,Yes,No,Yes,No,No,Yes,No,Yes,Yes,No,No,No,Positive,Iron-deficiency,"Eat iron-rich food (leafy greens, meat), take iron supplements, avoid tea/coffee with meals, consult a hematologist."
39,Female,Yes,Yes,Yes,Yes,Yes,No,No,Yes,Yes,Yes,Yes,No,No,No,Positive,Pernicious Anemia,"Take B12 injections or supplements, eat B12-rich foods, regular follow-ups with a doctor."
43,Female,Yes,Yes,Yes,Yes,Yes,No,Yes,No,No,No,Yes,Yes,No,Yes,Positive,Iron-deficiency,"Eat iron-rich food (leafy greens, meat), take iron supplements, avoid tea/coffee with meals, consult a hematologist."
50,Female,No,No,No,Yes,No,No,Yes,Yes,No,Yes,No,No,Yes,No,Negative,None,No Anemia detected. Maintain a healthy lifestyle. Consult a general physician if symptoms persist.
30,Male,No,No,No,No,No,No,No,No,No,No,No,No,No,No,Negative,None,No Anemia detected. Maintain a healthy lifestyle. Consult a general physician if symptoms persist.
46,Male,No,No,No,Yes,No,No,No,Yes,No,Yes,No,No,Yes,No,Negative,None,No Anemia detected. Maintain a healthy lifestyle. Consult a general physician if symptoms persist.
53,Male,No,No,No,Yes,Yes,No,Yes,Yes,No,Yes,Yes,Yes,Yes,No,Negative,None,No Anemia detected. Maintain a healthy lifestyle. Consult a general physician if symptoms persist.
64,Male,No,No,No,Yes,Yes,No,Yes,Yes,Yes,Yes,No,Yes,Yes,No,Negative,None,No Anemia detected. Maintain a healthy lifestyle. Consult a general physician if symptoms persist.
44,Male,Yes,No,Yes,Yes,No,Yes,No,Yes,No,Yes,No,No,Yes,Yes,Negative,None,No Anemia detected. Maintain a healthy lifestyle. Consult a general physician if symptoms persist.
36,Male,No,No,No,No,No,No,No,No,No,No,No,No,No,No,Negative,None,No Anemia detected. Maintain a healthy lifestyle. Consult a general physician if symptoms persist.
43,Male,No,No,No,Yes,No,Yes,No,Yes,No,No,No,No,Yes,No,Negative,None,No Anemia detected. Maintain a healthy lifestyle. Consult a general physician if symptoms persist.
53,Male,No,No,No,Yes,No,No,Yes,Yes,No,Yes,No,Yes,Yes,No,Negative,None,No Anemia detected. Maintain a healthy lifestyle. Consult a general physician if symptoms persist.
47,Male,No,No,No,No,No,No,No,No,Yes,No,Yes,No,No,Yes,Negative,None,No Anemia detected. Maintain a healthy lifestyle. Consult a general physician if symptoms persist.
68,Female,Yes,Yes,No,Yes,Yes,No,Yes,Yes,No,Yes,Yes,No,No,No,Positive,Pernicious Anemia,"Take B12 injections or supplements, eat B12-rich foods, regular follow-ups with a doctor."
64,Male,No,No,No,Yes,Yes,No,Yes,Yes,Yes,Yes,No,Yes,Yes,No,Negative,None,No Anemia detected. Maintain a healthy lifestyle. Consult a general physician if symptoms persist.
66,Male,Yes,No,Yes,No,No,Yes,No,Yes,Yes,No,No,No,Yes,No,Positive,Iron-deficiency,"Eat iron-rich food (leafy greens, meat), take iron supplements, avoid tea/coffee with meals, consult a hematologist."
67,Male,No,No,No,No,Yes,No,Yes,No,No,No,No,Yes,No,No,Negative,None,No Anemia detected. Maintain a healthy lifestyle. Consult a general physician if symptoms persist.
70,Male,Yes,No,No,No,Yes,No,Yes,Yes,No,Yes,Yes,Yes,Yes,No,Negative,None,No Anemia detected. Maintain a healthy lifestyle. Consult a general physician if symptoms persist.
44,Male,No,No,No,No,No,No,No,No,No,No,No,No,No,No,Negative,None,No Anemia detected. Maintain a healthy lifestyle. Consult a general physician if symptoms persist.
38,Male,No,No,No,No,No,No,No,No,No,No,No,No,No,No,Negative,None,No Anemia detected. Maintain a healthy lifestyle. Consult a general physician if symptoms persist.
35,Male,No,No,No,No,No,No,No,No,No,No,No,No,No,No,Negative,None,No Anemia detected. Maintain a healthy lifestyle. Consult a general physician if symptoms persist.
61,Male,No,No,No,Yes,No,Yes,No,Yes,No,Yes,No,No,Yes,No,Negative,None,No Anemia detected. Maintain a healthy lifestyle. Consult a general physician if symptoms persist.
60,Male,No,No,Yes,No,No,No,No,No,No,No,No,No,No,Yes,Negative,None,No Anemia detected. Maintain a healthy lifestyle. Consult a general physician if symptoms persist.
58,Male,No,No,No,Yes,No,No,No,Yes,No,Yes,No,Yes,Yes,No,Negative,None,No Anemia detected. Maintain a healthy lifestyle. Consult a general physician if symptoms persist.
54,Male,No,No,No,No,No,No,No,No,No,No,No,No,No,No,Negative,None,No Anemia detected. Maintain a healthy lifestyle. Consult a general physician if symptoms persist.
67,Male,No,No,No,Yes,No,No,No,Yes,No,Yes,No,No,Yes,No,Negative,None,No Anemia detected. Maintain a healthy lifestyle. Consult a general physician if symptoms persist.
66,Male,No,No,No,Yes,Yes,No,Yes,Yes,No,Yes,Yes,Yes,Yes,No,Negative,None,No Anemia detected. Maintain a healthy lifestyle. Consult a general physician if symptoms persist.
43,Male,No,No,No,No,No,No,No,No,No,No,No,No,Yes,No,Negative,None,No Anemia detected. Maintain a healthy lifestyle. Consult a general physician if symptoms persist.
62,Female,Yes,Yes,Yes,Yes,No,No,Yes,No,No,No,Yes,No,No,Yes,Positive,Pernicious Anemia,"Take B12 injections or supplements, eat B12-rich foods, regular follow-ups with a doctor."
54,Female,Yes,Yes,Yes,Yes,Yes,No,No,No,No,No,Yes,No,No,No,Positive,Iron-deficiency,"Eat iron-rich food (leafy greens, meat), take iron supplements, avoid tea/coffee with meals, consult a hematologist."
39,Female,Yes,Yes,Yes,No,Yes,No,No,Yes,No,Yes,Yes,No,No,No,Positive,Pernicious Anemia,"Take B12 injections or supplements, eat B12-rich foods, regular follow-ups with a doctor."
48,Female,Yes,Yes,Yes,Yes,Yes,No,No,Yes,Yes,Yes,Yes,No,No,No,Positive,Iron-deficiency,"Eat iron-rich food (leafy greens, meat), take iron supplements, avoid tea/coffee with meals, consult a hematologist."
58,Female,Yes,Yes,Yes,Yes,Yes,No,Yes,No,No,No,Yes,Yes,No,Yes,Positive,Pernicious Anemia,"Take B12 injections or supplements, eat B12-rich foods, regular follow-ups with a doctor."
32,Female,No,No,No,Yes,No,No,Yes,Yes,No,Yes,No,No,Yes,No,Negative,None,No Anemia detected. Maintain a healthy lifestyle. Consult a general physician if symptoms persist.
42,Male,No,No,No,No,No,No,No,No,No,No,No,No,No,No,Negative,None,No Anemia detected. Maintain a healthy lifestyle. Consult a general physician if symptoms persist.
